Site,Date,DO (mg/L) - Top,DO (mg/L) - Bot,Fecal Coliform (#/100 mL) - Top,Fecal Coliform (#/100 mL) - Bot,Enterococcus (#/100 mL) - Top,Enterococcus (#/100 mL) - Bot,Transparency (Secchi) ft,Weather (Dry = D / Wet = W)
CIC2,12/18/2017,9.22,NS,420,NS,520,NS,NS,W
GC3,12/18/2017,12.68,12.62,10,10,10,10,NS,W 
GC4,12/18/2017,12.73,12.67,10,10,10,10,NS,W
GC5,12/18/2017,12.72,12.67,10,10,30,10,NS,W
GC6,12/18/2017,12.41,12.37,50,10,20,10,NS,W
SP1,12/18/2017,10.06,NS,40,NS,10,NS,NS,W
AC1,12/12/2017,9.55,NS,2900,NS,9000,NS,NS,D
AC2,12/12/2017,2.27,NS,5100,NS,8000,NS,NS,D
BR1,12/12/2017,11.5,NS,2500,NS,200,NS,NS,D
BR3,12/12/2017,8.53,NS,96,NS,228,NS,NS,D
E12,12/12/2017,9.54,NS,32,NS,20,NS,NS,D
E13,12/12/2017,8.8,NS,14,NS,5,NS,NS,D
HR03,12/12/2017,7.31,NS,520,NS,276,NS,NS,D
HR1,12/12/2017,8.83,NS,116,NS,64,NS,NS,D
HR2,12/12/2017,6.68,NS,570,NS,340,NS,NS,D
WC1,12/12/2017,7.89,NS,159,NS,88,NS,NS,D
WC2,12/12/2017,6.08,NS,6600,NS,490,NS,NS,D
WC3,12/12/2017,8.87,NS,18,NS,24,NS,NS,D
BB2,12/11/2017,8.5,8.4,390,NS,16,NS,5,W
BB4,12/11/2017,8.98,9.11,330,NS,4,NS,7,W
GHC,12/11/2017,9.34,9.6,4,NS,2,NS,8.5,W
HOB,12/11/2017,9.44,9.46,100,NS,4,NS,8,W
J1,12/11/2017,8.79,8.96,12,NS,2,NS,6,W
J10,12/11/2017,8.72,8.83,12,NS,2,NS,8.5,W
J11,12/11/2017,8.66,8.4,172,NS,16,NS,4,W
J12,12/11/2017,9.39,8.47,148,NS,2,NS,7.5,W
J2,12/11/2017,8.99,8.74,4,NS,4,NS,6.5,W
J3,12/11/2017,8.86,8.93,8,NS,2,NS,11,W
J5,12/11/2017,9.27,9.95,12,NS,2,NS,7,W
J7,12/11/2017,9.3,9.19,56,NS,2,NS,8.5,W
J8,12/11/2017,8.97,9.01,16,NS,2,NS,13,W
J9A,12/11/2017,8.58,9.03,10,NS,2,NS,11.5,W
JA1,12/11/2017,8.96,9.13,44,NS,2,NS,8,W
N16,12/11/2017,8.68,8.66,6,NS,2,NS,4,W
N9,12/11/2017,8.74,8.82,48,NS,89,NS,4.5,W
N9A,12/11/2017,8.59,8.85,34,NS,20,NS,4,W
PB2,12/11/2017,8.55,8.72,32,NS,4,NS,9.5,W
PB3,12/11/2017,8.96,9,4,NS,2,NS,10,W
SP2,12/11/2017,9.06,NS,8,NS,8,NS,10,W
TB1,12/11/2017,8.79,9.35,10,NS,8,NS,6.5,W
TB2,12/11/2017,9.05,9.29,40,NS,8,NS,7.5,W
F1,12/7/2017,8.69,NS,114,NS,12,NS,NS,D
F5,12/7/2017,8.97,NS,99,NS,2,NS,NS,D
HC1,12/7/2017,7.62,NS,1180,NS,140,NS,NS,D
HC2,12/7/2017,8.23,NS,26,NS,2,NS,NS,D
HC3,12/7/2017,8.46,NS,70,NS,12,NS,NS,D
J14,12/7/2017,9.18,NS,8,NS,8,NS,NS,D
J16,12/7/2017,9.42,NS,16,NS,4,NS,NS,D
J18,12/7/2017,9.39,NS,10,NS,12,NS,NS,D
CIC3,12/5/2017,NS,NS,NS,NS,NS,NS,NS,NS
G2,12/5/2017,8.2,7.91,36,NS,31,NS,NS,D
GB1,12/5/2017,NS,NS,NS,NS,NS,NS,NS,NS
K1,12/5/2017,8.13,8.54,16,NS,4,NS,3.5,D
K2,12/5/2017,8.17,8.08,20,NS,17,NS,4,D
K3,12/5/2017,8.08,8.38,28,NS,32,NS,5,D
K4,12/5/2017,7.91,8.11,12,NS,23,NS,3,D
K5,12/5/2017,8.6,8.43,2,NS,16,NS,4,D
K5A,12/5/2017,8.1,8.51,4,NS,14,NS,3,D
K6,12/5/2017,NS,NS,NS,NS,NS,NS,NS,NS
N6,12/5/2017,8.31,8.69,4,NS,1,NS,3,D
N7,12/5/2017,8.18,8.6,4,NS,4,NS,3.5,D
N8,12/5/2017,NS,NS,NS,NS,NS,NS,NS,NS
NC0,12/5/2017,5.85,5.88,201,156,208,144,2,D
NC1,12/5/2017,7.2,6.94,148,144,96,36,4,D
NC2,12/5/2017,7.86,7.89,48,40,56,32,4.5,D
NC3,12/5/2017,7.77,8.2,32,32,20,12,4,D
BR5,12/4/2017,8.28,8.53,4,NS,2,NS,5.5,D
E10,12/4/2017,8.75,8.82,8,NS,1,NS,7,D
E11,12/4/2017,8.47,NS,7,NS,2,NS,5,D
E14,12/4/2017,8.64,8.85,8,NS,9,NS,4,D
E15,12/4/2017,8.04,8.21,44,NS,12,NS,4,D
E2,12/4/2017,8.06,7.98,17,NS,10,NS,2,D
E4,12/4/2017,7.8,8,9,NS,8,NS,2,D
E6,12/4/2017,7.99,8.17,18,NS,5,NS,4,D
E7,12/4/2017,8.7,8.62,10,NS,2,NS,5,D
E8,12/4/2017,8.43,8.8,7,NS,2,NS,5,D
FB1,12/4/2017,7.95,8.37,36,NS,20,NS,4.5,D
FLC1,12/4/2017,8.13,8.23,168,NS,64,NS,4,D
FLC2,12/4/2017,8.43,8.23,100,NS,22,NS,4,D
H3,12/4/2017,8.2,8.53,9,NS,8,NS,2,D
LN1,12/4/2017,8.9,NS,48,NS,30,NS,5,D
N1,12/4/2017,8.77,8.34,31,NS,13,NS,1.5,D
N3B,12/4/2017,8.51,8.15,27,NS,6,NS,1,D
N4,12/4/2017,8.7,8.25,16,NS,12,NS,1,D
N5,12/4/2017,8.07,8.19,11,NS,5,NS,1,D
NR1,12/4/2017,8.54,7.94,20,NS,11,NS,1,D
F1,11/21/2017,8.41,NS,176,NS,12,NS,NS,D
F5,11/21/2017,8.53,NS,78,NS,4,NS,NS,D
HC1,11/21/2017,7.47,NS,30,NS,18,NS,NS,D
HC2,11/21/2017,8.07,NS,20,NS,2,NS,NS,D
HC3,11/21/2017,8.32,8.47,2,NS,2,NS,NS,D
J14,11/21/2017,9.57,9.46,12,NS,2,NS,NS,D
J16,11/21/2017,9.35,9.3,22,NS,2,NS,NS,D
J18,11/21/2017,9.55,9.53,18,NS,2,NS,NS,D
CIC3,11/20/2017,8.45,8.52,838,NS,51,NS,5.5,D
G2,11/20/2017,8.87,8.6,16,NS,8,NS,NS,D
GB1,11/20/2017,8.56,8.56,11,NS,1,NS,5.5,D
K1,11/20/2017,8.43,8.33,24,NS,14,NS,3,D
K2,11/20/2017,8.37,8.4,12,NS,9,NS,3.5,D
K3,11/20/2017,8.39,8.24,56,NS,43,NS,5.5,D
K4,11/20/2017,8.15,8.23,72,NS,56,NS,3.5,D
K5,11/20/2017,8.27,8.16,10,NS,17,NS,4.5,D
K5A,11/20/2017,8.44,8.43,10,NS,9,NS,3.5,D
K6,11/20/2017,NS,NS,NS,NS,NS,NS,NS,NS
N6,11/20/2017,8.84,8.3,16,NS,13,NS,3,D
N7,11/20/2017,8.69,8.23,16,NS,9,NS,2.5,D
N8,11/20/2017,8.49,8.48,8,NS,4,NS,6,D
NC0,11/20/2017,4.62,4.57,124,96,48,52,3,D
NC1,11/20/2017,5.49,5.4,60,20,48,16,4.5,D
NC2,11/20/2017,6.2,6.13,24,16,44,28,4,D
NC3,11/20/2017,7.63,7.48,24,28,12,4,3.5,D
AC1,11/16/2017,8.86,NS,946,NS,600,NS,NS,W
AC2,11/16/2017,8.92,NS,240,NS,2100,NS,NS,W
BR1,11/16/2017,10.53,NS,9909,NS,17000,NS,NS,W
BR3,11/16/2017,8.06,NS,60,NS,220,NS,NS,W
E12,11/16/2017,8.61,NS,20,NS,10,NS,NS,W
E13,11/16/2017,7.93,NS,26,NS,12,NS,NS,W
HR03,11/16/2017,7.16,NS,2000,NS,600,NS,NS,W
HR1,11/16/2017,8.06,NS,60,NS,20,NS,NS,W
HR2,11/16/2017,6.13,NS,570,NS,240,NS,NS,W
WC1,11/16/2017,7.17,NS,600,NS,500,NS,NS,W
WC2,11/16/2017,6.34,NS,5900,NS,1700,NS,NS,W
WC3,11/16/2017,8.03,NS,10,NS,12,NS,NS,W
CIC2,11/14/2017,5.77,NS,30000,NS,4700,NS,NS,D
GC3,11/14/2017,11.31,11.56,4,NS,12,NS,NS,D
GC4,11/14/2017,11.33,11.41,232,16,196,40,NS,D
GC5,11/14/2017,11.43,11.42,64,NS,196,NS,NS,D
GC6,11/14/2017,10.93,10.87,40,4,112,108,NS,D
SP1,11/14/2017,9.31,NS,283,NS,82,NS,NS,D
BR5,11/13/2017,7.13,NS,88,NS,78,NS,3,D
E10,11/13/2017,7.95,7.73,54,NS,1,NS,7,D
E11,11/13/2017,8.24,NS,40,NS,3,NS,5,D
E14,11/13/2017,7.68,7.69,64,NS,8,NS,4.5,D
E15,11/13/2017,7.26,NS,460,NS,86,NS,5,D
E2,11/13/2017,7.42,7.33,40,NS,20,NS,4,D
E4,11/13/2017,7.48,7.5,84,NS,10,NS,4,D
E6,11/13/2017,7.44,7.38,62,NS,72,NS,3.5,D
E7,11/13/2017,7.61,7.72,56,NS,5,NS,5,D
E8,11/13/2017,7.78,7.87,50,NS,5,NS,6,D
FB1,11/13/2017,7.51,7.55,251,NS,210,NS,5,D
FLC1,11/13/2017,6.37,NS,380,NS,100,NS,1,D
FLC2,11/13/2017,7.27,7.26,460,NS,200,NS,3,D
H3,11/13/2017,7.32,7.34,120,NS,16,NS,5,D
LN1,11/13/2017,NS,NS,NS,NS,NS,NS,NS,NS
N1,11/13/2017,9.12,7.95,260,NS,32,NS,2,D
N3B,11/13/2017,8.42,7.59,240,NS,16,NS,2,D
N4,11/13/2017,8.14,7.56,88,NS,16,NS,3,D
N5,11/13/2017,8.04,7.64,52,NS,10,NS,4,D
NR1,11/13/2017,8.39,7.57,120,NS,27,NS,2.5,D
BB2,11/1/2017,2.81,NS,4400,NS,490,NS,3,D
BB4,11/1/2017,4.86,5.13,490,NS,56,NS,5,D
GHC,11/1/2017,5.86,6.6,164,NS,17,NS,6.5,D
HOB,11/1/2017,6.05,6.2,290,NS,50,NS,6,D
J1,11/1/2017,5.15,6.21,50,NS,4,NS,5,D
J10,11/1/2017,5.91,6.03,240,NS,3,NS,7,D
J11,11/1/2017,6.07,6.09,41,NS,1,NS,5,D
J12,11/1/2017,5.3,5.61,210,NS,10,NS,6,D
J2,11/1/2017,5.94,6.1,118,NS,1,NS,6,D
J3,11/1/2017,6.14,5.77,220,NS,5,NS,8.5,D
J5,11/1/2017,6.54,7,152,NS,8,NS,7,D
J7,11/1/2017,6.81,6.47,132,NS,3,NS,5,D
J8,11/1/2017,4.23,4.26,140,NS,6,NS,7.5,D
J9A,11/1/2017,3.72,3.85,410,NS,9,NS,7,D
JA1,11/1/2017,6.64,6.94,234,NS,6,NS,5.5,D
N16,11/1/2017,6.54,6.08,44,NS,1,NS,4,D
N9,11/1/2017,5.51,5.67,86,NS,4,NS,3.5,D
N9A,11/1/2017,6.7,6.45,36,NS,4,NS,2.5,D
PB2,11/1/2017,6.23,6.07,570,NS,17,NS,6,D
PB3,11/1/2017,6.53,NS,227,NS,3,NS,6,D
SP2,11/1/2017,6.22,NS,117,NS,3,NS,6.5,D
TB1,11/1/2017,4.13,4.91,697,NS,250,NS,6,D
TB2,11/1/2017,5.21,5.93,580,NS,126,NS,6,D
AC1,10/26/2017,6.78,NS,9636,NS,5800,NS,NS,D
AC2,10/26/2017,7.24,NS,3900,NS,400,NS,NS,D
BR1,10/26/2017,7.16,NS,291,NS,168,NS,NS,D
BR3,10/26/2017,3.38,NS,220,NS,132,NS,NS,D
E12,10/26/2017,NS,NS,NS,NS,NS,NS,NS,NS
E13,10/26/2017,6.66,NS,15,NS,4,NS,NS,D
HR03,10/26/2017,NS,NS,NS,NS,NS,NS,NS,NS
HR1,10/26/2017,NS,NS,NS,NS,NS,NS,NS,NS
HR2,10/26/2017,NS,NS,NS,NS,NS,NS,NS,NS
WC1,10/26/2017,5.2,NS,118,NS,114,NS,NS,D
WC2,10/26/2017,3.59,NS,269,NS,58,NS,NS,D
WC3,10/26/2017,6.45,NS,40,NS,9,NS,NS,D
F1,10/25/2017,6.3,NS,400,NS,28,NS,NS,W
F5,10/25/2017,6.36,NS,520,NS,36,NS,NS,W
HC1,10/25/2017,6.98,NS,30,NS,10,NS,NS,W
HC2,10/25/2017,6.37,NS,20,NS,10,NS,NS,W
HC3,10/25/2017,6.47,NS,50,NS,10,NS,NS,W
J14,10/25/2017,6.16,NS,20,NS,8,NS,NS,W
J16,10/25/2017,7.32,7.1,12,NS,4,NS,NS,W
J18,10/25/2017,7.02,6.53,12,NS,4,NS,NS,W
CIC2,10/23/2017,7.23,NS,410,NS,8,NS,NS,D
GC3,10/23/2017,10.02,NS,4,NS,4,NS,NS,D
GC4,10/23/2017,9.9,9.88,8,8,8,12,NS,D
GC5,10/23/2017,9.84,9.81,4,4,4,12,NS,D
GC6,10/23/2017,9.39,9.01,100,12,12,12,NS,D
SP1,10/23/2017,11.7,NS,12,NS,2,NS,NS,D
F1,10/19/2017,6.62,NS,320,NS,8,NS,NS,D
F5,10/19/2017,6.42,NS,231,NS,4,NS,NS,D
HC1,10/19/2017,6.41,NS,32,NS,20,NS,NS,D
HC2,10/19/2017,6.14,NS,30,NS,10,NS,NS,D
HC3,10/19/2017,6.25,NS,20,NS,4,NS,NS,D
J14,10/19/2017,8.13,NS,6,NS,10,NS,NS,D
J16,10/19/2017,7.14,7.19,4,NS,4,NS,NS,D
J18,10/19/2017,7.38,7.2,2,NS,4,NS,NS,D
CIC3,10/17/2017,6.02,6.13,2200,NS,29,NS,6.5,D
E12,10/17/2017,7.04,NS,4,NS,4,NS,NS,D
E13,10/17/2017,6.19,NS,30,NS,1,NS,NS,D
G2,10/17/2017,6.7,6.35,8,NS,12,NS,6.5,D
GB1,10/17/2017,6.86,6.81,53,NS,3,NS,7,D
HR03,10/17/2017,4.3,NS,88,NS,12,NS,NS,D
HR1,10/17/2017,5.79,NS,12,NS,4,NS,NS,D
HR2,10/17/2017,3.29,NS,1600,NS,160,NS,NS,D
K1,10/17/2017,6.27,6.24,20,NS,1,NS,4,D
K2,10/17/2017,6.62,6.58,12,NS,20,NS,6,D
K3,10/17/2017,6.09,6.25,8,NS,1,NS,8,D
K4,10/17/2017,5.82,5.64,8,NS,7,NS,5,D
K5,10/17/2017,5.72,5.77,28,NS,8,NS,4,D
K5A,10/17/2017,6.04,6.2,2,NS,3,NS,4.5,D
K6,10/17/2017,7.28,7.21,1,NS,1,NS,4.5,D
N6,10/17/2017,6.21,6.3,20,NS,1,NS,4,D
N7,10/17/2017,5.95,6.29,8,NS,1,NS,4,D
N8,10/17/2017,6.66,6.55,12,NS,2,NS,4.5,D
NC0,10/17/2017,2.87,2.67,52,72,32,28,4,D
NC1,10/17/2017,3.18,3.01,24,32,4,4,4,D
NC2,10/17/2017,3.58,3.66,84,64,16,8,5.5,D
NC3,10/17/2017,4.94,5.25,24,50,8,20,5.5,D
WC1,10/17/2017,5.84,NS,72,NS,8,NS,NS,D
WC2,10/17/2017,4.18,NS,46,NS,40,NS,NS,D
WC3,10/17/2017,6.38,NS,14,NS,2,NS,NS,D
BR5,10/16/2017,5.93,5.89,22,NS,13,NS,4,D
CIC2,10/16/2017,3.07,NS,9000,NS,1100,NS,NS,D
E10,10/16/2017,6.81,6.59,1,NS,1,NS,5,D
E11,10/16/2017,6.46,NS,6,NS,2,NS,4,D
E14,10/16/2017,6.11,6.25,7,NS,1,NS,4,D
E15,10/16/2017,3.96,NS,48,NS,16,NS,3.5,D
E2,10/16/2017,5.91,5.84,13,NS,4,NS,5,D
E4,10/16/2017,6.1,6.02,20,NS,3,NS,4,D
E6,10/16/2017,6.51,6.5,11,NS,3,NS,5,D
E7,10/16/2017,6.56,6.31,4,NS,1,NS,4,D
E8,10/16/2017,7.08,6.55,8,NS,1,NS,4,D
FB1,10/16/2017,6.38,6.33,80,NS,7,NS,3,D
FLC1,10/16/2017,4.81,NS,1400,NS,76,NS,3,D
FLC2,10/16/2017,5.59,5.72,400,NS,51,NS,3.5,D
GC3,10/16/2017,9.62,NS,24,NS,4,NS,NS,D
GC4,10/16/2017,9.5,NS,60,NS,16,NS,NS,D
GC5,10/16/2017,9.49,NS,84,NS,8,NS,NS,D
GC6,10/16/2017,8.82,8.92,152,280,36,16,NS,D
H3,10/16/2017,5.8,5.76,3,NS,8,NS,4,D
LN1,10/16/2017,5.55,NS,5,NS,1,NS,3.5,D
N1,10/16/2017,6.69,6.06,7,NS,2,NS,2.5,D
N3B,10/16/2017,6.27,5.81,1,NS,1,NS,3,D
N4,10/16/2017,6.28,6.01,14,NS,5,NS,2.5,D
N5,10/16/2017,6.11,5.74,9,NS,4,NS,3,D
NR1,10/16/2017,6.33,6.34,5,NS,1,NS,3,D
SP1,10/16/2017,8.75,NS,6000,NS,18,NS,NS,D
AC1,10/13/2017,6.63,NS,8636,NS,9000,NS,NS,D
AC2,10/13/2017,9.36,NS,24000,NS,16000,NS,NS,D
BR1,10/13/2017,7.13,NS,2000,NS,152,NS,NS,D
BR3,10/13/2017,3.88,NS,2500,NS,100,NS,NS,D
BR5,10/12/2017,4.68,NS,156,NS,230,NS,4.5,D
E10,10/12/2017,NS,NS,NS,NS,NS,NS,NS,NS
E11,10/12/2017,5.32,NS,29,NS,6,NS,4,D
E12,10/12/2017,4.58,NS,176,NS,68,NS,NS,D
E13,10/12/2017,6.03,NS,34,NS,4,NS,NS,D
E14,10/12/2017,5.84,5.78,16,NS,10,NS,4.5,D
E15,10/12/2017,5,NS,580,NS,90,NS,2,D
E2,10/12/2017,5.43,5.58,40,NS,16,NS,4.5,D
E4,10/12/2017,5.1,5.33,5,NS,2,NS,4,D
E6,10/12/2017,5.85,5.62,120,NS,17,NS,4.5,D
E7,10/12/2017,5.99,5.93,17,NS,6,NS,5,D
E8,10/12/2017,6.17,5.82,7,NS,2,NS,4.5,D
FB1,10/12/2017,5.65,5.65,236,NS,28,NS,4,D
FLC1,10/12/2017,3.95,3.77,1118,NS,200.23,NS,3.5,D
FLC2,10/12/2017,5,5.15,580,NS,62,NS,2.5,D
H3,10/12/2017,5.62,5.45,11,NS,11,NS,2,D
HR03,10/12/2017,2,NS,3500,NS,2300,NS,NS,D
HR1,10/12/2017,2.97,NS,5500,NS,2400,NS,NS,D
HR2,10/12/2017,0.88,NS,5400,NS,3800,NS,NS,D
LN1,10/12/2017,NS,NS,NS,NS,NS,NS,NS,NS
N1,10/12/2017,6.01,5.49,20,NS,1,NS,2,D
N3B,10/12/2017,6.34,5.53,11,NS,1,NS,3,D
N4,10/12/2017,6.01,5.59,76,NS,14,NS,3.5,D
N5,10/12/2017,6.34,5.86,3,NS,1,NS,4,D
NR1,10/12/2017,5.83,5.5,28,NS,10,NS,3,D
WC1,10/12/2017,3.56,NS,410,NS,164,NS,NS,D
WC2,10/12/2017,2.74,NS,2300,NS,970,NS,NS,D
WC3,10/12/2017,5.35,NS,370,NS,36,NS,NS,D
BB2,10/11/2017,5.07,5.04,380,NS,10,NS,4.5,D
BB4,10/11/2017,4.96,4.37,480,NS,12,NS,5.5,D
CIC2,10/11/2017,5.43,5.42,2400,NS,60,NS,NS,D
GC3,10/11/2017,9.06,NS,16,NS,12,NS,NS,D
GC4,10/11/2017,8.91,8.9,64,40,8,28,NS,D
GC5,10/11/2017,8.77,8.69,72,88,24,36,NS,D
GC6,10/11/2017,8.14,8.12,200,168,36,128,NS,D
GHC,10/11/2017,5.9,5.02,12,NS,1,NS,6,D
HOB,10/11/2017,5.59,5.32,24,NS,3,NS,7,D
J1,10/11/2017,5.76,6.06,21,NS,3,NS,5,D
J10,10/11/2017,5.38,5.36,8,NS,2,NS,5.5,D
J11,10/11/2017,5.75,5.8,230,NS,2,NS,5,D
J12,10/11/2017,5.91,4.71,118,NS,10,NS,6,D
J2,10/11/2017,5.48,5.83,14,NS,1,NS,5,D
J3,10/11/2017,5.6,5.6,15,NS,1,NS,5,D
J5,10/11/2017,5.39,5.59,5,NS,1,NS,5.5,D
J7,10/11/2017,6.17,5.08,96,NS,2,NS,6,D
J8,10/11/2017,5.16,5.26,52,NS,1,NS,6,D
J9A,10/11/2017,5.43,5.7,28,NS,1,NS,5,D
JA1,10/11/2017,4.9,5.18,144,NS,4,NS,6,D
N16,10/11/2017,6.22,5.98,1,NS,1,NS,8.5,D
N9,10/11/2017,5.85,5.93,10,NS,2,NS,6,D
N9A,10/11/2017,6.19,6.16,1,NS,1,NS,6,D
PB2,10/11/2017,5.13,5.16,310,NS,13,NS,5.5,D
PB3,10/11/2017,5.48,5.46,42,NS,1,NS,6.5,D
SP1,10/11/2017,5.49,NS,116,NS,14,NS,NS,D
SP2,10/11/2017,4.52,NS,82,NS,2,NS,6,D
TB1,10/11/2017,5.17,5.41,40,NS,3,NS,8,D
TB2,10/11/2017,5.28,4.98,30,NS,2,NS,7.5,D
CIC3,10/10/2017,4.8,4.97,1135,NS,46,NS,5,W
F1,10/10/2017,4.73,NS,811,NS,40,NS,NS,W
F5,10/10/2017,5.34,NS,874,NS,4,NS,NS,W
G2,10/10/2017,5.7,4.93,580,NS,70,NS,6,W
GB1,10/10/2017,5.26,5.96,83,NS,6,NS,5,W
HC1,10/10/2017,5.14,NS,80,NS,40,NS,NS,W
HC2,10/10/2017,5.22,NS,230,NS,10,NS,NS,W
HC3,10/10/2017,5.47,NS,120,NS,10,NS,NS,W
J14,10/10/2017,5.55,NS,12,NS,4,NS,NS,W
J16,10/10/2017,6.3,6.28,8,NS,4,NS,NS,W
J18,10/10/2017,6.2,5.95,10,NS,4,NS,NS,W
K1,10/10/2017,5.45,5.06,96,NS,12,NS,4,W
K2,10/10/2017,4.89,4.07,460,NS,24,NS,6.5,W
K3,10/10/2017,5.29,5.38,560,NS,34,NS,6,W
K4,10/10/2017,4.76,4.46,56,NS,32,NS,4,W
K5,10/10/2017,6.24,4.82,60,NS,4,NS,4,W
K5A,10/10/2017,5.45,5.49,12,NS,2,NS,5,W
K6,10/10/2017,5.9,6.02,28,NS,8,NS,5.5,W
N6,10/10/2017,5.36,5.14,44,NS,14,NS,5.5,W
N7,10/10/2017,5.5,5.62,76,NS,24,NS,5,W
N8,10/10/2017,5.04,5.39,40,NS,24,NS,5,W
NC0,10/10/2017,1.97,1.8,20000,21000,11400,9700,3,W
NC1,10/10/2017,2.14,1.97,7909,6091,4900,2000,3.5,W
NC2,10/10/2017,2.45,2.48,4100,3600,1900,1260,4,W
NC3,10/10/2017,2.99,2.56,2600,2100,535,390,4,W
AC1,10/5/2017,6.26,NS,84,NS,28,NS,NS,D
AC2,10/5/2017,5.62,NS,176,NS,140,NS,NS,D
BR1,10/5/2017,7.54,NS,452,NS,300,NS,NS,D
BR3,10/5/2017,5.36,NS,132,NS,28,NS,NS,D
F1,10/5/2017,7.93,NS,46,NS,12,NS,NS,D
F5,10/5/2017,7.43,NS,42,NS,10,NS,NS,D
HC1,10/5/2017,6.35,NS,6,NS,22,NS,NS,D
HC2,10/5/2017,6.39,NS,16,NS,4,NS,NS,D
HC3,10/5/2017,6.75,NS,12,NS,4,NS,NS,D
J14,10/5/2017,7.24,NS,2,NS,4,NS,NS,D
J16,10/5/2017,7.64,7.42,2,NS,2,NS,NS,D
J18,10/5/2017,7.03,7.07,30,NS,4,NS,NS,D
BB2,10/4/2017,5.38,NS,290,NS,17,NS,2.5,D
BB4,10/4/2017,10.37,9.67,10,NS,1,NS,2.5,D
GHC,10/4/2017,7.17,6.61,10,NS,1,NS,4,D
HOB,10/4/2017,5.93,6.13,4,NS,2,NS,5,D
J1,10/4/2017,8.28,8.09,4,NS,1,NS,4,D
J10,10/4/2017,7.4,7.9,12,NS,1,NS,5,D
J11,10/4/2017,9.1,8.34,147,NS,4,NS,3,D
J12,10/4/2017,9.87,8.62,4,NS,1,NS,4,D
J2,10/4/2017,8.08,7.46,6,NS,1,NS,4.5,D
J3,10/4/2017,8,7.99,20,NS,1,NS,4.5,D
J5,10/4/2017,7.92,7.91,1,NS,1,NS,4,D
J7,10/4/2017,11.5,10.33,8,NS,1,NS,3.5,D
J8,10/4/2017,9.39,9.54,8,NS,1,NS,4.5,D
J9A,10/4/2017,8.6,8.32,24,NS,1,NS,4.5,D
JA1,10/4/2017,6.75,6.69,4,NS,1,NS,4,D
N16,10/4/2017,8.05,7.42,1,NS,1,NS,5,D
N9,10/4/2017,7.94,7.59,1,NS,1,NS,4,D
N9A,10/4/2017,8.08,8.03,1,NS,1,NS,3.5,D
PB2,10/4/2017,9.81,10.24,72,NS,2,NS,3,D
PB3,10/4/2017,10,NS,28,NS,1,NS,3,D
SP2,10/4/2017,8.79,NS,11,NS,1,NS,4,D
TB1,10/4/2017,4.83,4.53,72,NS,12,NS,3.5,D
TB2,10/4/2017,5.28,5.45,12,NS,3,NS,4,D
CIC3,10/3/2017,6.94,7.2,440,NS,8,NS,5,D
E12,10/3/2017,7.75,NS,4,NS,4,NS,NS,D
E13,10/3/2017,6.36,NS,3,NS,1,NS,NS,D
G2,10/3/2017,7.1,6.48,24,NS,12,NS,7,D
GB1,10/3/2017,7.4,7.44,12,NS,1,NS,5.5,D
HR03,10/3/2017,4.29,NS,152,NS,24,NS,NS,D
HR1,10/3/2017,6.17,NS,4,NS,4,NS,NS,D
HR2,10/3/2017,3.07,NS,627,NS,24,NS,NS,D
K1,10/3/2017,6.98,6.46,4,NS,1,NS,5,D
K2,10/3/2017,7.44,6.7,4,NS,2,NS,5.5,D
K3,10/3/2017,6.44,7.15,16,NS,6,NS,6.5,D
K4,10/3/2017,6.07,6.44,40,NS,8,NS,5,D
K5,10/3/2017,6.86,7.25,8,NS,1,NS,4.5,D
K5A,10/3/2017,7.83,7.55,4,NS,1,NS,3.5,D
K6,10/3/2017,8.52,8.6,1,NS,1,NS,4,D
N6,10/3/2017,7.13,6.7,4,NS,10,NS,5,D
N7,10/3/2017,6.37,6.34,4,NS,1,NS,4,D
N8,10/3/2017,6.77,6.61,2,NS,1,NS,4.5,D
NC0,10/3/2017,4.34,4.25,16,24,20,36,2.5,D
NC1,10/3/2017,6.2,5.08,120,48,16,4,3,D
NC2,10/3/2017,5.35,5.26,4,4,4,4,3.5,D
NC3,10/3/2017,5.67,5.73,12,12,10,12,5,D
WC1,10/3/2017,11.46,NS,108,NS,6,NS,NS,D
WC2,10/3/2017,10.53,NS,28,NS,8,NS,NS,D
WC3,10/3/2017,6.48,NS,2,NS,1,NS,NS,D
BR5,10/2/2017,6.14,NS,18,NS,3,NS,4,D
CIC2,10/2/2017,6.51,NS,110000,NS,4000,NS,NS,D
E10,10/2/2017,6.63,6.29,1,NS,1,NS,5,D
E11,10/2/2017,6.75,NS,2,NS,1,NS,5.5,D
E14,10/2/2017,6.36,6.23,2,NS,1,NS,5,D
E15,10/2/2017,7.43,NS,20,NS,1,NS,4,D
E2,10/2/2017,5.9,5.82,14,NS,4,NS,4.5,D
E4,10/2/2017,5.9,6.08,2,NS,1,NS,5,D
E6,10/2/2017,6.17,6.16,6,NS,3,NS,5.5,D
E7,10/2/2017,6.36,6.13,2,NS,1,NS,4,D
E8,10/2/2017,6.33,5.96,1,NS,1,NS,5,D
FB1,10/2/2017,7.32,7.22,28,NS,2,NS,3,D
FLC1,10/2/2017,5.09,NS,530,NS,20,NS,2,D
FLC2,10/2/2017,7.35,7.11,330,NS,11,NS,4,D
GC3,10/2/2017,9.44,9.34,24,20,4,4,NS,D
GC4,10/2/2017,9.27,9.25,80,264,12,4,NS,D
GC5,10/2/2017,9.27,9.27,132,100,12,20,NS,D
GC6,10/2/2017,9.09,8.86,96,100,8,8,NS,D
H3,10/2/2017,5.9,5.83,10,NS,3,NS,5,D
LN1,10/2/2017,8.6,NS,22,NS,10,NS,3,D
N1,10/2/2017,7.3,5.42,1,NS,1,NS,3,D
N3B,10/2/2017,7.7,5.82,4,NS,1,NS,3,D
N4,10/2/2017,7.36,5.67,21,NS,12,NS,3,D
N5,10/2/2017,6.99,5.71,7,NS,1,NS,3.5,D
NR1,10/2/2017,7.62,5.45,7,NS,1,NS,3,D
SP1,10/2/2017,12.7,NS,84,NS,48,NS,NS,D
BR5,9/28/2017,7.68,NS,58,NS,7,NS,2,D
E10,9/28/2017,6.12,4.59,1,NS,1,NS,4,D
E11,9/28/2017,7.57,NS,5,NS,1,NS,2,D
E12,9/28/2017,6.92,NS,24,NS,4,NS,NS,D
E13,9/28/2017,6.1,NS,47,NS,17,NS,NS,D
E14,9/28/2017,5.36,5.69,20,NS,1,NS,4,D
E15,9/28/2017,4.93,NS,44,NS,6,NS,1.5,D
E2,9/28/2017,4.49,5.3,38,NS,9,NS,5,D
E4,9/28/2017,4.45,5.11,16,NS,9,NS,5,D
E6,9/28/2017,6.59,5.37,18,NS,1,NS,5,D
E7,9/28/2017,6.18,5.58,3,NS,1,NS,4.5,D
E8,9/28/2017,5.71,4.11,1,NS,1,NS,4.5,D
FB1,9/28/2017,4.16,5.69,112,NS,4,NS,4,D
FLC1,9/28/2017,4.4,NS,1345,NS,22,NS,2,D
FLC2,9/28/2017,4.85,4.35,900,NS,10,NS,3,D
H3,9/28/2017,4.73,4.7,14,NS,2,NS,4.5,D
HR03,9/28/2017,2.39,NS,156,NS,4,NS,NS,D
HR1,9/28/2017,3.35,NS,100,NS,28,NS,NS,D
HR2,9/28/2017,1.2,NS,300,NS,48,NS,NS,D
LN1,9/28/2017,7.81,NS,7,NS,1,NS,1.5,D
N1,9/28/2017,7.26,4.22,6,NS,1,NS,3.5,D
N3B,9/28/2017,7.69,5.12,4,NS,1,NS,4,D
N4,9/28/2017,6.72,5.52,104,NS,4,NS,3,D
N5,9/28/2017,5.85,6.08,8,NS,1,NS,3.5,D
NR1,9/28/2017,7.12,4.81,2,NS,2,NS,3.5,D
WC1,9/28/2017,7.26,NS,220,NS,9,NS,NS,D
WC2,9/28/2017,1.98,NS,108,NS,22,NS,NS,D
WC3,9/28/2017,6.13,NS,28,NS,3,NS,NS,D
CIC2,9/27/2017,5.84,NS,1387,NS,30,NS,NS,D
CIC3,9/27/2017,5.3,4.95,600,NS,4,NS,5,D
G2,9/27/2017,6.07,5.04,40,NS,1,NS,6,D
GB1,9/27/2017,5.84,5.55,2,NS,2,NS,5,D
GC3,9/27/2017,8.64,NS,24,NS,4,NS,NS,D
GC4,9/27/2017,8.69,8.67,4,8,4,4,NS,D
GC5,9/27/2017,8.52,NS,36,NS,4,NS,NS,D
GC6,9/27/2017,7.91,7.16,4,4,4,10,NS,D
K1,9/27/2017,5.83,5.51,20,NS,4,NS,5,D
K2,9/27/2017,4.68,5.42,8,NS,1,NS,5,D
K3,9/27/2017,5.47,5.07,10,NS,2,NS,6,D
K4,9/27/2017,5.95,5.14,8,NS,3,NS,6.5,D
K5,9/27/2017,8.17,5.98,2,NS,1,NS,3,D
K5A,9/27/2017,9.2,6.6,2,NS,1,NS,3,D
K6,9/27/2017,6.75,6.15,4,NS,1,NS,5,D
N6,9/27/2017,6.18,5.85,4,NS,1,NS,5,D
N7,9/27/2017,5.86,5.79,4,NS,3,NS,4,D
N8,9/27/2017,5.01,4.43,8,NS,1,NS,5.5,D
NC0,9/27/2017,6.88,6.96,218,160,48,64,2.5,D
NC1,9/27/2017,4.36,5.4,184,213,48,70,3,D
NC2,9/27/2017,7.76,8.22,16,24,20,4,2.5,D
NC3,9/27/2017,7.96,6.89,68,16,8,12,3,D
SP1,9/27/2017,9.25,NS,239,NS,112,NS,NS,D
BB2,9/26/2017,NS,NS,10,NS,1,NS,2,D
BB4,9/26/2017,NS,NS,10,NS,2,NS,3,D
GHC,9/26/2017,NS,NS,4,NS,2,NS,4,D
HOB,9/26/2017,NS,NS,NS,NS,NS,NS,NS,NS
J1,9/26/2017,NS,NS,1,NS,1,NS,4,D
J10,9/26/2017,NS,NS,2,NS,1,NS,4,D
J11,9/26/2017,NS,NS,7,NS,2,NS,4,D
J12,9/26/2017,NS,NS,4,NS,1,NS,2.5,D
J2,9/26/2017,NS,NS,1,NS,1,NS,4,D
J3,9/26/2017,NS,NS,2,NS,1,NS,4,D
J5,9/26/2017,NS,NS,9,NS,1,NS,3,D
J7,9/26/2017,NS,NS,30,NS,1,NS,2,D
J8,9/26/2017,NS,NS,4,NS,1,NS,4,D
J9A,9/26/2017,NS,NS,5,NS,2,NS,4,D
JA1,9/26/2017,NS,NS,4,NS,1,NS,2.5,D
N16,9/26/2017,NS,NS,NS,NS,NS,NS,NS,NS
N9,9/26/2017,NS,NS,2,NS,1,NS,5,D
N9A,9/26/2017,NS,NS,3,NS,1,NS,4.5,D
PB2,9/26/2017,NS,NS,12,NS,1,NS,4,D
PB3,9/26/2017,NS,NS,2,NS,1,NS,4,D
SP2,9/26/2017,NS,NS,8,NS,1,NS,4,D
TB1,9/26/2017,NS,NS,NS,NS,NS,NS,NS,NS
TB2,9/26/2017,NS,NS,NS,NS,NS,NS,NS,NS
AC1,9/25/2017,6.68,NS,2700,NS,1200,NS,NS,D
AC2,9/25/2017,9.03,NS,5000,NS,1800,NS,NS,D
BR1,9/25/2017,6.12,NS,253,NS,188,NS,NS,D
BR3,9/25/2017,1.33,NS,8,NS,28,NS,NS,D
F1,9/25/2017,7.81,NS,94,NS,2,NS,NS,D
F5,9/25/2017,6.68,NS,12,NS,2,NS,NS,D
HC1,9/25/2017,6.43,NS,34,NS,6,NS,NS,D
HC2,9/25/2017,6.05,NS,12,NS,8,NS,NS,D
HC3,9/25/2017,6.62,NS,26,NS,4,NS,NS,D
J14,9/25/2017,NS,NS,4,NS,2,NS,NS,D
J16,9/25/2017,NS,NS,2,NS,2,NS,NS,D
J18,9/25/2017,NS,NS,2,NS,2,NS,NS,D
BB2,9/21/2017,NS,NS,649,NS,10,NS,3,D
BB4,9/21/2017,NS,NS,250,NS,5,NS,5,D
GHC,9/21/2017,NS,NS,8,NS,2,NS,7,D
HOB,9/21/2017,NS,NS,16,NS,7,NS,6.5,D
J1,9/21/2017,NS,NS,5,NS,1,NS,4.5,D
J10,9/21/2017,NS,NS,12,NS,2,NS,5,D
J11,9/21/2017,NS,NS,110,NS,5,NS,4.5,D
J12,9/21/2017,NS,NS,15,NS,1,NS,5,D
J2,9/21/2017,NS,NS,9,NS,1,NS,4,D
J3,9/21/2017,NS,NS,5,NS,2,NS,5.5,D
J5,9/21/2017,NS,NS,8,NS,2,NS,5,D
J7,9/21/2017,NS,NS,220,NS,1,NS,4.5,D
J8,9/21/2017,NS,NS,76,NS,2,NS,5,D
J9A,9/21/2017,NS,NS,11,NS,1,NS,5,D
JA1,9/21/2017,NS,NS,36,NS,1,NS,5,D
N16,9/21/2017,NS,NS,6,NS,3,NS,4.5,D
N9,9/21/2017,NS,NS,4,NS,1,NS,4.5,D
N9A,9/21/2017,NS,NS,2,NS,1,NS,4,D
PB2,9/21/2017,NS,NS,24,NS,2,NS,4.5,D
PB3,9/21/2017,NS,NS,36,NS,2,NS,5,D
SP2,9/21/2017,NS,NS,20,NS,1,NS,5,D
TB1,9/21/2017,NS,NS,124,NS,29,NS,4,D
TB2,9/21/2017,NS,NS,36,NS,4,NS,5.5,D
CIC3,9/19/2017,10.26,10.14,510,NS,35,NS,5,D
E12,9/19/2017,5.43,NS,4,NS,4,NS,NS,D
E13,9/19/2017,5.54,NS,16,NS,3,NS,NS,D
G2,9/19/2017,10.04,9.62,36,NS,2,NS,4.5,D
GB1,9/19/2017,10.52,10.33,1,NS,1,NS,4,D
HR03,9/19/2017,2.78,NS,419,NS,4,NS,NS,D
HR1,9/19/2017,4.2,NS,20,NS,4,NS,NS,D
HR2,9/19/2017,1.92,NS,44,NS,20,NS,NS,D
K1,9/19/2017,9.64,9.5,4,NS,3,NS,3.5,D
K2,9/19/2017,10.16,10.02,4,NS,1,NS,4,D
K3,9/19/2017,9.13,9.13,36,NS,16,NS,4,D
K4,9/19/2017,8.94,8.6,48,NS,36,NS,5,D
K5,9/19/2017,9.21,8.97,6,NS,5,NS,6,D
K5A,9/19/2017,9.2,9.17,10,NS,2,NS,4,D
K6,9/19/2017,NS,NS,NS,NS,NS,NS,NS,NS
N6,9/19/2017,10.45,9.77,4,NS,1,NS,NS,D
N7,9/19/2017,10.16,10.15,4,NS,1,NS,4,D
N8,9/19/2017,10.48,10.49,2,NS,1,NS,4,D
NC0,9/19/2017,11.25,10.97,240,104,460,330,3,D
NC1,9/19/2017,6.02,5.64,764,580,1060,680,5,D
NC2,9/19/2017,5.56,5.76,132,104,112,205,5.5,D
NC3,9/19/2017,6.15,5.95,96,48,32,32,6.5,D
WC1,9/19/2017,7.23,NS,48,NS,24,NS,NS,D
WC2,9/19/2017,5.93,NS,84,NS,49,NS,NS,D
WC3,9/19/2017,5.84,NS,2,NS,1,NS,NS,D
BR5,9/18/2017,9.23,8.27,10,NS,6,NS,3.5,D
CIC2,9/18/2017,4.14,NS,121000,NS,3100,NS,NS,D
E10,9/18/2017,6.9,6.42,1,NS,1,NS,4.5,D
E11,9/18/2017,7.29,NS,3,NS,4,NS,4.5,D
E14,9/18/2017,8.26,8.43,4,NS,1,NS,4,D
E15,9/18/2017,8.69,8.5,32,NS,4,NS,4.5,D
E2,9/18/2017,8.49,8.29,17,NS,2,NS,3.5,D
E4,9/18/2017,5.69,5.74,17,NS,1,NS,3.5,D
E6,9/18/2017,9.5,8.14,5,NS,3,NS,5,D
E7,9/18/2017,8.26,8.17,2,NS,1,NS,4,D
E8,9/18/2017,8.55,7.21,3,NS,1,NS,5,D
FB1,9/18/2017,8.92,8.74,4,NS,2,NS,4.5,D
FLC1,9/18/2017,4.64,NS,104,NS,12,NS,4,D
FLC2,9/18/2017,7.97,8.21,104,NS,15,NS,4.5,D
GC3,9/18/2017,8.61,8.59,318,72,20,10,NS,D
GC4,9/18/2017,8.47,8.48,200,108,32,28,NS,D
GC5,9/18/2017,8.42,8.4,88,100,8,20,NS,D
GC6,9/18/2017,7.98,7.95,84,96,8,12,NS,D
H3,9/18/2017,8.45,8.57,8,NS,6,NS,3,D
LN1,9/18/2017,9.2,NS,41,NS,7,NS,4.5,D
N1,9/18/2017,9.4,8.62,1,NS,4,NS,2,D
N3B,9/18/2017,9.1,8.6,1,NS,4,NS,1.5,D
N4,9/18/2017,8.56,8.46,16,NS,15,NS,2,D
N5,9/18/2017,8.48,9.21,4,NS,12,NS,3,D
NR1,9/18/2017,8.49,8.68,2,NS,9,NS,2.5,D
SP1,9/18/2017,9.07,NS,200,NS,14,NS,NS,D
AC1,9/14/2017,5.66,NS,21000,NS,3100,NS,NS,D
AC2,9/14/2017,8.09,NS,6545,NS,1300,NS,NS,D
BR1,9/14/2017,6.91,NS,5900,NS,300,NS,NS,D
BR3,9/14/2017,3.01,NS,287,NS,52,NS,NS,D
E12,9/14/2017,NS,NS,28,NS,4,NS,NS,D
E13,9/14/2017,NS,NS,6,NS,5,NS,NS,D
HR03,9/14/2017,NS,NS,285,NS,40,NS,NS,D
HR1,9/14/2017,NS,NS,300,NS,4,NS,NS,D
HR2,9/14/2017,NS,NS,1445,NS,88,NS,NS,D
WC1,9/14/2017,NS,NS,48,NS,25,NS,NS,D
WC2,9/14/2017,3.51,NS,470,NS,150,NS,NS,D
WC3,9/14/2017,NS,NS,30,NS,8,NS,NS,D
BB2,9/13/2017,7.9,7.64,10,NS,1,NS,3,D
BB4,9/13/2017,7.85,7.07,10,NS,1,NS,3,D
GHC,9/13/2017,8.3,7.11,4,NS,2,NS,4,D
HOB,9/13/2017,9.9,8.99,4,NS,1,NS,3,D
J1,9/13/2017,9.19,9.4,3,NS,1,NS,4,D
J10,9/13/2017,8.1,8.86,3,NS,2,NS,4,D
J11,9/13/2017,9.81,9.2,30,NS,1,NS,4.5,D
J12,9/13/2017,16.48,5.57,1,NS,1,NS,2,D
J2,9/13/2017,8.61,8.34,5,NS,1,NS,3,D
J3,9/13/2017,8.4,8,1,NS,2,NS,4,D
J5,9/13/2017,11.7,9.56,2,NS,1,NS,3.5,D
J7,9/13/2017,8.99,7.61,10,NS,1,NS,3,D
J8,9/13/2017,7.42,7.72,4,NS,1,NS,4,D
J9A,9/13/2017,7.57,7.54,2,NS,1,NS,4.5,D
JA1,9/13/2017,8.56,7.76,4,NS,1,NS,3.5,D
N16,9/13/2017,8.55,8.68,1,NS,1,NS,5,D
N9,9/13/2017,7.69,7.66,1,NS,80,NS,4.5,D
N9A,9/13/2017,8.84,8.76,1,NS,1,NS,3.5,D
PB2,9/13/2017,10.14,8.63,26,NS,2,NS,3,D
PB3,9/13/2017,8.99,9.25,6,NS,1,NS,4,D
SP2,9/13/2017,8.26,NS,12,NS,1,NS,4,D
TB1,9/13/2017,7.72,7.08,4,NS,1,NS,4.5,D
TB2,9/13/2017,8.5,7.41,4,NS,1,NS,4,D
CIC3,9/12/2017,6.74,6.83,10,NS,2,NS,5.5,D
F1,9/12/2017,NS,NS,232,NS,2,NS,NS,D
F5,9/12/2017,NS,NS,14,NS,2,NS,NS,D
G2,9/12/2017,7.19,5.88,4,NS,2,NS,6,D
GB1,9/12/2017,6.67,6.65,1,NS,1,NS,4,D
HC1,9/12/2017,5.34,NS,28,NS,4,NS,NS,D
HC2,9/12/2017,NS,NS,2,NS,2,NS,NS,D
HC3,9/12/2017,NS,NS,30,NS,2,NS,NS,D
J14,9/12/2017,NS,NS,4,NS,2,NS,NS,D
J16,9/12/2017,NS,NS,2,NS,2,NS,NS,D
J18,9/12/2017,NS,NS,4,NS,2,NS,NS,D
K1,9/12/2017,6.35,6.31,20,NS,1,NS,5,D
K2,9/12/2017,6.41,6.18,12,NS,1,NS,5,D
K3,9/12/2017,6.21,6.15,8,NS,2,NS,5,D
K4,9/12/2017,6.47,6.21,4,NS,1,NS,3.5,D
K5,9/12/2017,7.52,6.86,8,NS,1,NS,3.5,D
K5A,9/12/2017,7.02,6.98,4,NS,1,NS,3.5,D
K6,9/12/2017,7.21,7.08,1,NS,1,NS,4.5,D
N6,9/12/2017,5.94,6.02,8,NS,3,NS,3.5,D
N7,9/12/2017,5.94,6.36,8,NS,2,NS,4,D
N8,9/12/2017,6.45,6.96,2,NS,1,NS,5,D
NC0,9/12/2017,6.67,6.56,32,40,52,116,2.5,D
NC1,9/12/2017,4.45,4.43,24,36,16,8,3,D
NC2,9/12/2017,5.28,5.59,12,12,4,4,3,D
NC3,9/12/2017,5.65,5.61,140,188,16,12,3.5,D
BR5,9/11/2017,6.24,6.22,2,NS,4,NS,3.5,D
CIC2,9/11/2017,6.35,5.83,210,NS,4,NS,NS,D
E10,9/11/2017,6.85,6.18,2,NS,1,NS,5,D
E11,9/11/2017,6.23,NS,4,NS,10,NS,5,D
E14,9/11/2017,5.52,5.44,3,NS,1,NS,5.5,D
E15,9/11/2017,6.51,6.65,40,NS,3,NS,3.5,D
E2,9/11/2017,5.41,5.32,4,NS,4,NS,5,D
E4,9/11/2017,5.57,5.41,6,NS,5,NS,4.5,D
E6,9/11/2017,5.55,5.47,3,NS,3,NS,4.5,D
E7,9/11/2017,5.64,5.84,7,NS,2,NS,4.5,D
E8,9/11/2017,5.85,5.76,2,NS,1,NS,4,D
FB1,9/11/2017,6.06,5.85,16,NS,8,NS,3.5,D
FLC1,9/11/2017,5.98,5.98,4500,NS,110,NS,4.5,D
FLC2,9/11/2017,6.6,6.68,273,NS,11,NS,3.5,D
GC3,9/11/2017,8.55,8.54,4,4,28,16,NS,D
GC4,9/11/2017,8.46,8.49,4,4,16,8,NS,D
GC5,9/11/2017,8.36,8.35,8,4,8,30,NS,D
GC6,9/11/2017,7.21,7.39,4,24,12,28,NS,D
H3,9/11/2017,5.92,5.88,13,NS,7,NS,2,D
LN1,9/11/2017,9,NS,7,NS,1,NS,3,D
N1,9/11/2017,6.52,5.99,1,NS,3,NS,2,D
N3B,9/11/2017,6.08,5.36,8,NS,2,NS,2,D
N4,9/11/2017,5.86,5.39,76,NS,9,NS,2,D
N5,9/11/2017,5.79,5.51,19,NS,10,NS,3,D
NR1,9/11/2017,6,5.32,4,NS,5,NS,2,D
SP1,9/11/2017,7.27,NS,32,NS,6,NS,NS,D
AC1,9/7/2017,4.16,NS,430,NS,80,NS,NS,W
AC2,9/7/2017,2.18,NS,1649,NS,1400,NS,NS,W
BR1,9/7/2017,7.37,NS,3500,NS,2600,NS,NS,W
BR3,9/7/2017,2.77,NS,220,NS,390,NS,NS,W
F1,9/7/2017,4.72,NS,2100,NS,350,NS,NS,W
F5,9/7/2017,4.73,NS,2800,NS,410,NS,NS,W
HC1,9/7/2017,6.64,NS,30,NS,30,NS,NS,W
HC2,9/7/2017,4.62,NS,60,NS,10,NS,NS,W
HC3,9/7/2017,5.05,NS,10,NS,10,NS,NS,W
J14,9/7/2017,5.33,NS,8,NS,4,NS,NS,W
J16,9/7/2017,5.98,5.63,4,NS,4,NS,NS,W
J18,9/7/2017,5.83,5.82,16,NS,4,NS,NS,W
BB2,9/6/2017,3.31,NS,70,NS,NS,NS,3,W
BB4,9/6/2017,5.2,5.21,10,NS,NS,NS,3.5,W
CIC2,9/6/2017,4.01,NS,45000,NS,320,NS,NS,W
GC3,9/6/2017,8.45,8.35,60,20,50,70,NS,W
GC4,9/6/2017,8.34,8.33,120,110,50,20,NS,W
GC5,9/6/2017,8.25,8.1,20,130,40,80,NS,W
GC6,9/6/2017,7.45,5.58,160,220,20,140,NS,W
GHC,9/6/2017,6.04,5.34,4,NS,NS,NS,4,W
HOB,9/6/2017,5.81,5.72,4,NS,NS,NS,4.5,W
J1,9/6/2017,5.98,6.36,8,NS,NS,NS,4,W
J10,9/6/2017,6.35,6.28,12,NS,NS,NS,4,W
J11,9/6/2017,7.53,6.33,232,NS,NS,NS,4,W
J12,9/6/2017,5.6,4.96,4,NS,NS,NS,4,W
J2,9/6/2017,5.93,5.72,4,NS,NS,NS,4,W
J3,9/6/2017,6.04,5.02,12,NS,NS,NS,4,W
J5,9/6/2017,6.42,6.41,6,NS,NS,NS,4,W
J7,9/6/2017,5.6,5.04,16,NS,NS,NS,4.5,W
J8,9/6/2017,5.68,5.34,20,NS,NS,NS,5,W
J9A,9/6/2017,5.83,5.71,20,NS,NS,NS,5.4,W
JA1,9/6/2017,5.61,5.62,4,NS,NS,NS,4.5,W
N16,9/6/2017,NS,NS,NS,NS,NS,NS,NS,NS
N9,9/6/2017,6.57,6.48,2,NS,NS,NS,5,W
N9A,9/6/2017,6.38,6.41,2,NS,NS,NS,4.5,W
PB2,9/6/2017,6.45,6.93,44,NS,NS,NS,3,W
PB3,9/6/2017,7.23,7.11,32,NS,NS,NS,4,W
SP1,9/6/2017,4.47,NS,2000,NS,10,NS,NS,W
SP2,9/6/2017,6.01,NS,24,NS,NS,NS,4,W
TB1,9/6/2017,4.13,3.84,10,NS,NS,NS,5,W
TB2,9/6/2017,4.85,5.6,10,NS,NS,NS,5.5,W
BR5,9/5/2017,6.24,6.19,10,NS,10,NS,2,W
E10,9/5/2017,6.26,5.62,12,NS,2,NS,4,W
E11,9/5/2017,7.68,NS,44,NS,2,NS,3,W
E12,9/5/2017,8.1,NS,10,NS,10,NS,NS,W
E13,9/5/2017,5.29,NS,63,NS,2,NS,NS,W
E14,9/5/2017,5.06,5.1,20,NS,2,NS,3,W
E15,9/5/2017,5.6,NS,100,NS,10,NS,4.5,W
E2,9/5/2017,5.46,5.68,34,NS,10,NS,3.5,W
E4,9/5/2017,5.43,5.35,12,NS,2,NS,4,W
E6,9/5/2017,5.5,5.58,44,NS,2,NS,4.5,W
E7,9/5/2017,5.2,5.48,22,NS,2,NS,4,W
E8,9/5/2017,5.66,5.22,32,NS,26,NS,4.5,W
FB1,9/5/2017,5.33,5.85,72,NS,16,NS,3,W
FLC1,9/5/2017,4.51,NS,883,NS,30,NS,2.5,W
FLC2,9/5/2017,5.09,5.11,270,NS,20,NS,3,W
H3,9/5/2017,5.37,5.59,4,NS,4,NS,3,W
HR03,9/5/2017,2.7,NS,40,NS,30,NS,NS,W
HR1,9/5/2017,6.9,NS,50,NS,10,NS,NS,W
HR2,9/5/2017,2.75,NS,2000,NS,30,NS,NS,W
LN1,9/5/2017,5.98,NS,36,NS,2,NS,3,W
N1,9/5/2017,NS,NS,NS,NS,NS,NS,NS,NS
N3B,9/5/2017,NS,NS,NS,NS,NS,NS,NS,NS
N4,9/5/2017,NS,NS,NS,NS,NS,NS,NS,NS
N5,9/5/2017,NS,NS,NS,NS,NS,NS,NS,NS
NR1,9/5/2017,NS,NS,NS,NS,NS,NS,NS,NS
WC1,9/5/2017,5.31,NS,210,NS,8,NS,NS,W
WC2,9/5/2017,2.46,NS,24000,NS,20,NS,NS,W
WC3,9/5/2017,5.73,NS,10,NS,4,NS,NS,W
AC1,8/31/2017,2.37,NS,4800,NS,3400,NS,NS,D
AC2,8/31/2017,2.4,NS,1800,NS,1000,NS,NS,D
BR1,8/31/2017,6.92,NS,330,NS,212,NS,NS,D
BR3,8/31/2017,2.28,NS,40,NS,36,NS,NS,D
E12,8/31/2017,6.41,NS,32,NS,4,NS,NS,D
E13,8/31/2017,5.58,NS,9,NS,1,NS,NS,D
HR03,8/31/2017,4.41,NS,84,NS,16,NS,NS,D
HR1,8/31/2017,8.62,NS,156,NS,52,NS,NS,D
HR2,8/31/2017,2.03,NS,112,NS,40,NS,NS,D
WC1,8/31/2017,3.86,NS,114,NS,18,NS,NS,D
WC2,8/31/2017,1.62,NS,340,NS,15,NS,NS,D
WC3,8/31/2017,5.07,NS,74,NS,23,NS,NS,D
CIC3,8/29/2017,6.39,6.26,2400,NS,23,NS,4,D
F1,8/29/2017,9.58,NS,600,NS,10,NS,NS,D
F5,8/29/2017,7.33,NS,290,NS,2,NS,NS,D
G2,8/29/2017,5.74,5.41,12,NS,11,NS,5,D
GB1,8/29/2017,6.23,6.08,2,NS,1,NS,4,D
HC1,8/29/2017,7.54,NS,34,NS,4,NS,NS,D
HC2,8/29/2017,5.08,NS,18,NS,4,NS,NS,D
HC3,8/29/2017,6.03,NS,16,NS,2,NS,NS,D
J14,8/29/2017,6.72,NS,4,NS,2,NS,NS,D
J16,8/29/2017,NS,NS,NS,NS,NS,NS,NS,NS
J18,8/29/2017,6.87,6.56,2,NS,2,NS,NS,D
K1,8/29/2017,6.29,5.58,36,NS,1,NS,4,D
K2,8/29/2017,5.87,5.76,4,NS,2,NS,4.5,D
K3,8/29/2017,5.94,5.07,16,NS,3,NS,4.5,D
K4,8/29/2017,6.42,5.7,4,NS,25,NS,3,D
K5,8/29/2017,5.99,6.15,4,NS,7,NS,2.5,D
K5A,8/29/2017,6.7,6.62,28,NS,1,NS,2.5,D
K6,8/29/2017,NS,NS,NS,NS,NS,NS,NS,NS
N6,8/29/2017,6.08,4.33,70,NS,1,NS,4,D
N7,8/29/2017,5.99,5.44,56,NS,4,NS,3.5,D
N8,8/29/2017,5.85,5.97,30,NS,2,NS,4,D
NC0,8/29/2017,5.09,5.28,88,28,4,20,3,D
NC1,8/29/2017,4.26,3.75,104,144,260,176,3,D
NC2,8/29/2017,5.27,5.3,48,44,24,40,3.5,D
NC3,8/29/2017,5.16,4.9,56,64,80,52,3.5,D
BR5,8/28/2017,7.08,6.98,2,NS,1,NS,2.5,D
CIC2,8/28/2017,5.69,NS,31000,NS,28,NS,NS,D
E10,8/28/2017,5.57,2.57,1,NS,12,NS,4,D
E11,8/28/2017,7.89,NS,1,NS,1,NS,2.5,D
E14,8/28/2017,4.53,4.48,3,NS,1,NS,3,D
E15,8/28/2017,5.96,6.07,4,NS,2,NS,3,D
E2,8/28/2017,4.35,4.27,13,NS,5,NS,4,D
E4,8/28/2017,5.25,4.82,7,NS,2,NS,4,D
E6,8/28/2017,4.61,4.52,11,NS,3,NS,4,D
E7,8/28/2017,4.35,4.33,6,NS,4,NS,4.5,D
E8,8/28/2017,4.35,3.87,1,NS,1,NS,4,D
FB1,8/28/2017,4.88,4.59,220,NS,22,NS,3.5,D
FLC1,8/28/2017,4.47,4.51,72,NS,15,NS,3,D
FLC2,8/28/2017,5.82,5.66,72,NS,2,NS,3,D
GC3,8/28/2017,7.98,NS,4,NS,36,NS,NS,D
GC4,8/28/2017,8.04,8.01,40,80,24,24,NS,D
GC5,8/28/2017,7.76,NS,64,NS,20,NS,NS,D
GC6,8/28/2017,7.18,7.07,32,40,32,40,NS,D
H3,8/28/2017,5.05,5.04,10,NS,7,NS,3,D
LN1,8/28/2017,8.95,NS,5,NS,1,NS,2.5,D
N1,8/28/2017,6.93,4.42,1,NS,4,NS,3,D
N3B,8/28/2017,6.13,4.58,9,NS,4,NS,3,D
N4,8/28/2017,6.51,4.7,29,NS,3,NS,3,D
N5,8/28/2017,5.79,4.8,98,NS,7,NS,3,D
NR1,8/28/2017,6.65,4.7,2,NS,2,NS,3.5,D
SP1,8/28/2017,9.55,NS,16,NS,4,NS,NS,D
AC1,8/24/2017,8.67,NS,762,NS,300,NS,NS,D
AC2,8/24/2017,8.21,NS,4200,NS,3800,NS,NS,D
BR1,8/24/2017,6.18,NS,398,NS,700,NS,NS,D
BR3,8/24/2017,0.52,NS,104,NS,120,NS,NS,D
F1,8/24/2017,5.87,NS,192,NS,2,NS,NS,D
F5,8/24/2017,6.45,NS,252,NS,4,NS,NS,D
HC1,8/24/2017,5.38,NS,89,NS,24,NS,NS,D
HC2,8/24/2017,4.09,NS,144,NS,28,NS,NS,D
HC3,8/24/2017,4.8,NS,102,NS,2,NS,NS,D
J14,8/24/2017,8.19,NS,4,NS,2,NS,NS,D
J16,8/24/2017,NS,NS,NS,NS,NS,NS,NS,NS
J18,8/24/2017,8.26,7.43,4,NS,2,NS,NS,D
BB2,8/23/2017,2.2,NS,108000,NS,19000,NS,1.5,W
BB4,8/23/2017,4.65,4.44,21000,NS,116,NS,2.5,W
GHC,8/23/2017,7.89,5.99,4,NS,2,NS,2,W
HOB,8/23/2017,6.05,5.98,100,NS,4,NS,3.5,W
J1,8/23/2017,7.63,6.33,8,NS,4,NS,3,W
J10,8/23/2017,7.25,8.21,92,NS,4,NS,3,W
J11,8/23/2017,7.7,6.57,940,NS,101,NS,2.5,W
J12,8/23/2017,10.25,4.45,6,NS,26,NS,2,W
J2,8/23/2017,6.34,5.79,4,NS,2,NS,3,W
J3,8/23/2017,6.93,5.39,16,NS,2,NS,3,W
J5,8/23/2017,8.69,8.21,4,NS,2,NS,2.5,W
J7,8/23/2017,5.28,4.54,500,NS,2,NS,2.5,W
J8,8/23/2017,5.2,5.18,208,NS,2,NS,3,W
J9A,8/23/2017,5.9,5.77,60,NS,2,NS,3,W
JA1,8/23/2017,5,4.53,520,NS,2,NS,3,W
N16,8/23/2017,6.04,5.82,2,NS,2,NS,5.5,W
N9,8/23/2017,6.2,5.99,2,NS,2,NS,4.5,W
N9A,8/23/2017,7.02,6.37,4,NS,2,NS,4,W
PB2,8/23/2017,6.1,6.44,84,NS,18,NS,2.5,W
PB3,8/23/2017,6.57,NS,190,NS,20,NS,3,W
SP2,8/23/2017,8,NS,28,NS,2,NS,2.5,W
TB1,8/23/2017,3.55,3.98,3600,NS,180,NS,3,W
TB2,8/23/2017,5.42,5.17,2000,NS,76,NS,4,W
CIC3,8/22/2017,6.6,6.54,560,NS,18,NS,3,D
E12,8/22/2017,4.56,NS,10,NS,4,NS,NS,D
E13,8/22/2017,3.85,NS,9,NS,5,NS,NS,D
G2,8/22/2017,4.99,4.93,68,NS,27,NS,5,D
GB1,8/22/2017,5.75,5.5,13,NS,2,NS,4,D
HR03,8/22/2017,1.95,NS,124,NS,28,NS,NS,D
HR1,8/22/2017,3.43,NS,12,NS,8,NS,NS,D
HR2,8/22/2017,3.36,NS,2400,NS,160,NS,NS,D
K1,8/22/2017,5.11,5.2,8,NS,1,NS,3.5,D
K2,8/22/2017,5.93,5.17,8,NS,2,NS,3,D
K3,8/22/2017,5.62,5.24,28,NS,13,NS,3.5,D
K4,8/22/2017,5.24,4.79,20,NS,1,NS,3,D
K5,8/22/2017,5.01,4.62,8,NS,1,NS,3,D
K5A,8/22/2017,4.83,4.87,4,NS,2,NS,3,D
K6,8/22/2017,7.82,7.8,2,NS,1,NS,3,D
N6,8/22/2017,5.26,5.3,4,NS,3,NS,3,D
N7,8/22/2017,4.83,4.89,4,NS,1,NS,3,D
N8,8/22/2017,5.41,5.79,2,NS,1,NS,4,D
NC0,8/22/2017,2.18,1.94,230,180,32,40,3.5,D
NC1,8/22/2017,4.97,2.73,909,210,120,28,3,D
NC2,8/22/2017,4.46,3.24,60,8,8,10,3,D
NC3,8/22/2017,4.56,4.06,52,20,10,4,4.5,D
WC1,8/22/2017,3.55,NS,128,NS,25,NS,NS,D
WC2,8/22/2017,0.58,NS,420,NS,420,NS,NS,D
WC3,8/22/2017,3.91,NS,20,NS,2,NS,NS,D
BR5,8/21/2017,3.83,4.04,28,NS,20,NS,2.5,D
CIC2,8/21/2017,2.98,NS,31000,NS,168,NS,NS,D
E10,8/21/2017,4.18,3.71,8,NS,1,NS,4,D
E11,8/21/2017,3.35,NS,8,NS,8,NS,4,D
E14,8/21/2017,3.69,3.46,29,NS,4,NS,4,D
E15,8/21/2017,4.28,4.37,140,NS,8,NS,3,D
E2,8/21/2017,4.86,4.55,32,NS,11,NS,2.5,D
E4,8/21/2017,5.02,4.68,17,NS,4,NS,3,D
E6,8/21/2017,3.76,3.99,25,NS,6,NS,4,D
E7,8/21/2017,3.72,3.22,15,NS,2,NS,4,D
E8,8/21/2017,3.76,2.82,14,NS,6,NS,3.5,D
FB1,8/21/2017,3.92,3.64,64,NS,2,NS,3,D
FLC1,8/21/2017,3.37,3.28,1600,NS,140,NS,3,D
FLC2,8/21/2017,4.09,4.03,440,NS,26,NS,3,D
GC3,8/21/2017,7.97,7.86,900,240,230,203,NS,D
GC4,8/21/2017,7.66,7.6,494,1100,234,270,NS,D
GC5,8/21/2017,7.6,7.34,800,590,197,209,NS,D
GC6,8/21/2017,6.43,6.18,5000,4700,450,510,NS,D
H3,8/21/2017,4.95,4.72,16,NS,14,NS,2,D
LN1,8/21/2017,4.87,NS,19,NS,13,NS,3.5,D
N1,8/21/2017,6.1,5.59,11,NS,9,NS,1.5,D
N3B,8/21/2017,4.48,4.7,39,NS,10,NS,2,D
N4,8/21/2017,5.72,5.22,22,NS,6,NS,1.5,D
N5,8/21/2017,5.24,4.89,32,NS,8,NS,2,D
NR1,8/21/2017,5,4.72,26,NS,5,NS,2,D
SP1,8/21/2017,6.8,NS,92,NS,52,NS,NS,D
AC1,8/17/2017,3.23,NS,5900,NS,3200,NS,NS,D
AC2,8/17/2017,1.28,NS,3200,NS,900,NS,NS,D
BR1,8/17/2017,6.24,NS,2100,NS,500,NS,NS,D
BR3,8/17/2017,1.54,NS,156,NS,24,NS,NS,D
E12,8/17/2017,4.1,NS,28,NS,NS,NS,NS,D
E13,8/17/2017,3.45,NS,43,NS,1,NS,NS,D
HR03,8/17/2017,2.55,NS,250,NS,8,NS,NS,D
HR1,8/17/2017,3.11,NS,220,NS,4,NS,NS,D
HR2,8/17/2017,1.61,NS,300,NS,12,NS,NS,D
WC1,8/17/2017,5.47,NS,240,NS,58,NS,NS,D
WC2,8/17/2017,1.35,NS,50,NS,14,NS,NS,D
WC3,8/17/2017,3.9,NS,50,NS,1,NS,NS,D
CIC3,8/15/2017,5.45,5.59,3900,NS,50,NS,4,W
F1,8/15/2017,6.26,NS,2200,NS,12,NS,NS,W
F5,8/15/2017,5.62,NS,300,NS,4,NS,NS,W
G2,8/15/2017,5.69,5.24,1136,NS,288,NS,5,W
GB1,8/15/2017,6.03,5.82,112,NS,10,NS,4,W
HC1,8/15/2017,2.71,NS,110,NS,50,NS,NS,W
HC2,8/15/2017,5.32,NS,40,NS,10,NS,NS,W
HC3,8/15/2017,5.21,NS,20,NS,10,NS,NS,W
J14,8/15/2017,6.83,NS,4,NS,4,NS,NS,W
J16,8/15/2017,NS,NS,NS,NS,NS,NS,NS,NS
J18,8/15/2017,6.82,6.21,4,NS,4,NS,NS,W
K1,8/15/2017,5.3,5.29,300,NS,106,NS,3.5,W
K2,8/15/2017,5.23,5.29,40,NS,28,NS,3,W
K3,8/15/2017,5.18,5.24,1200,NS,440,NS,4,W
K4,8/15/2017,4.91,4.99,8,NS,16,NS,3,W
K5,8/15/2017,5.11,3.96,16,NS,8,NS,3,W
K5A,8/15/2017,4.04,3.72,4,NS,2,NS,4,W
K6,8/15/2017,6.39,6.85,4,NS,2,NS,4,W
N6,8/15/2017,5.24,5.36,84,NS,68,NS,3,W
N7,8/15/2017,5.62,5.7,8,NS,4,NS,4.5,W
N8,8/15/2017,6.23,5.92,4,NS,6,NS,4,W
NC0,8/15/2017,6.12,6.41,520,640,900,820,3,W
NC1,8/15/2017,3,2.63,7818,4900,2900,1700,1.5,W
NC2,8/15/2017,3.78,3.78,6000,5900,1500,1300,2.5,W
NC3,8/15/2017,3.98,3.69,4800,1126,1100,540,2.5,W
BR5,8/14/2017,NS,NS,NS,NS,NS,NS,NS,NS
CIC2,8/14/2017,5.89,NS,2400,NS,32,NS,NS,D
E10,8/14/2017,NS,NS,NS,NS,NS,NS,NS,NS
E11,8/14/2017,NS,NS,NS,NS,NS,NS,NS,NS
E14,8/14/2017,NS,NS,NS,NS,NS,NS,NS,NS
E15,8/14/2017,4.92,4.7,120,NS,1,NS,3,D
E2,8/14/2017,4.03,3.8,6,NS,3,NS,3.5,D
E4,8/14/2017,NS,NS,NS,NS,NS,NS,NS,NS
E6,8/14/2017,3.58,3.53,10,NS,4,NS,4,D
E7,8/14/2017,NS,NS,NS,NS,NS,NS,NS,NS
E8,8/14/2017,NS,NS,NS,NS,NS,NS,NS,NS
FB1,8/14/2017,3.99,3.81,60,NS,6,NS,3,D
FLC1,8/14/2017,1.93,1.88,8200,NS,320,NS,2,D
FLC2,8/14/2017,4.3,4.31,836,NS,2,NS,3,D
GC3,8/14/2017,7.89,NS,8,NS,4,NS,NS,D
GC4,8/14/2017,7.71,7.69,8,452,12,16,NS,D
GC5,8/14/2017,7.52,7.29,433,216,64,100,NS,D
GC6,8/14/2017,6.18,4.96,44,310,56,24,NS,D
H3,8/14/2017,4.43,4.41,13,NS,6,NS,2.5,D
LN1,8/14/2017,NS,NS,NS,NS,NS,NS,NS,NS
N1,8/14/2017,6.08,4.73,5,NS,2,NS,2.5,D
N3B,8/14/2017,5.88,4.57,7,NS,2,NS,2.5,D
N4,8/14/2017,5.31,4.63,17,NS,8,NS,2.5,D
N5,8/14/2017,5.09,4.83,42,NS,6,NS,2.5,D
NR1,8/14/2017,5.58,4.48,16,NS,5,NS,2.5,D
SP1,8/14/2017,5.67,NS,22,NS,8,NS,NS,D
AC1,8/10/2017,6.67,NS,372,NS,60,NS,NS,D
AC2,8/10/2017,7.06,NS,1400,NS,200,NS,NS,D
BR1,8/10/2017,6.88,NS,421,NS,176,NS,NS,D
BR3,8/10/2017,2.91,NS,276,NS,108,NS,NS,D
F1,8/10/2017,4.4,NS,196,NS,8,NS,NS,D
F5,8/10/2017,4.56,NS,88,NS,2,NS,NS,D
HC1,8/10/2017,5.62,NS,54,NS,24,NS,NS,D
HC2,8/10/2017,4.13,NS,28,NS,2,NS,NS,D
HC3,8/10/2017,4.06,NS,42,NS,2,NS,NS,D
J14,8/10/2017,4.72,NS,4,NS,2,NS,NS,D
J16,8/10/2017,5.51,4.95,4,NS,2,NS,NS,D
J18,8/10/2017,5.65,6.06,4,NS,2,NS,NS,D
BB2,8/9/2017,1.58,NS,1495,NS,64,NS,1.5,D
BB4,8/9/2017,2.21,1.76,15000,NS,2,NS,3,D
GHC,8/9/2017,4.65,4.14,8,NS,2,NS,2.5,D
HOB,8/9/2017,4.78,4.31,8,NS,2,NS,3.5,D
J1,8/9/2017,5.28,6.09,8,NS,1,NS,3.5,D
J10,8/9/2017,4.55,4.69,32,NS,1,NS,3,D
J11,8/9/2017,5.46,5.24,238,NS,1,NS,3,D
J12,8/9/2017,4.56,2.18,45,NS,1,NS,3.5,D
J2,8/9/2017,4.27,4.49,13,NS,1,NS,4,D
J3,8/9/2017,4.36,7.74,35,NS,1,NS,3.5,D
J5,8/9/2017,5.59,5.64,8,NS,1,NS,3,D
J7,8/9/2017,3.62,3.52,197,NS,1,NS,4,D
J8,8/9/2017,3,2.85,52,NS,4,NS,3.5,D
J9A,8/9/2017,3.72,3.64,26,NS,1,NS,4,D
JA1,8/9/2017,4,2.91,72,NS,4,NS,3.5,D
N16,8/9/2017,7.13,6.6,4,NS,1,NS,5,D
N9,8/9/2017,5.69,5.7,9,NS,1,NS,4.5,D
N9A,8/9/2017,6.02,6.02,36,NS,1,NS,4,D
PB2,8/9/2017,4.52,4.46,180,NS,2,NS,2.5,D
PB3,8/9/2017,3.59,3.76,125,NS,4,NS,3,D
SP2,8/9/2017,4.11,NS,29,NS,1,NS,3.5,D
TB1,8/9/2017,2.88,2.77,72,NS,15,NS,4,D
TB2,8/9/2017,5.67,5.31,16,NS,10,NS,3.5,D
CIC3,8/8/2017,5.27,5.08,6273,NS,184,NS,4,W
E12,8/8/2017,4.89,NS,190,NS,60,NS,NS,W
E13,8/8/2017,4.01,NS,36,NS,24,NS,NS,W
G2,8/8/2017,4.99,4.87,580,NS,212,NS,6.5,W
GB1,8/8/2017,5.51,5.45,111,NS,36,NS,5,W
HR03,8/8/2017,1.85,NS,6727,NS,1300,NS,NS,W
HR1,8/8/2017,3.52,NS,1081,NS,390,NS,NS,W
HR2,8/8/2017,0.63,NS,3800,NS,2500,NS,NS,W
K1,8/8/2017,5.51,5.32,330,NS,22,NS,2.5,W
K2,8/8/2017,5.49,5.49,120,NS,32,NS,3,W
K3,8/8/2017,5.32,5.24,3700,NS,232,NS,3,W
K4,8/8/2017,5.15,4.8,218,NS,70,NS,3,W
K5,8/8/2017,4.51,4.26,32,NS,14,NS,3,W
K5A,8/8/2017,4.34,4.08,40,NS,14,NS,3.5,W
K6,8/8/2017,6.06,5.8,10,NS,2,NS,3.5,W
N6,8/8/2017,5.41,5.22,60,NS,16,NS,2.5,W
N7,8/8/2017,5.72,5.23,48,NS,4,NS,3,W
N8,8/8/2017,5.97,5.71,44,NS,2,NS,5.5,W
NC0,8/8/2017,4.14,4.03,2300,2100,6200,3200,5.5,W
NC1,8/8/2017,1.46,1.41,3300,1595,440,420,3.5,W
NC2,8/8/2017,2.05,2.45,580,520,425,170,3.5,W
NC3,8/8/2017,3.08,3.59,1117,510,190,150,4.5,W
WC1,8/8/2017,2.75,NS,5500,NS,380,NS,NS,W
WC2,8/8/2017,0.45,NS,1270,NS,250,NS,NS,W
WC3,8/8/2017,4.13,NS,180,NS,24,NS,NS,W
BR5,8/7/2017,5.5,4.62,260,NS,100,NS,1,W
CIC2,8/7/2017,3.06,NS,60000,NS,410,NS,NS,D
E10,8/7/2017,5.88,3.78,12,NS,2,NS,4,W
E11,8/7/2017,10.11,NS,44,NS,2,NS,3,W
E14,8/7/2017,5.28,4.95,36,NS,4,NS,3,W
E15,8/7/2017,5.18,5.16,6000,NS,340,NS,4,W
E2,8/7/2017,5.92,5.9,32,NS,2,NS,3,W
E4,8/7/2017,8.7,6.28,60,NS,4,NS,3.5,W
E6,8/7/2017,5.88,5.01,118,NS,2,NS,4,W
E7,8/7/2017,5.4,4.85,72,NS,2,NS,4,W
E8,8/7/2017,4.79,3.29,62,NS,2,NS,4,W
FB1,8/7/2017,4.95,6.25,6000,NS,75,NS,4,W
FLC1,8/7/2017,3.35,3.28,60000,NS,1700,NS,3.5,W
FLC2,8/7/2017,5.51,4.76,25000,NS,170,NS,3.5,W
GC3,8/7/2017,8.25,8.28,280,310,226,212,NS,D
GC4,8/7/2017,8.13,8.08,410,341,238,300,NS,D
GC5,8/7/2017,7.98,7.87,1800,391,410,340,NS,D
GC6,8/7/2017,6.77,6.96,2400,2600,430,400,NS,D
H3,8/7/2017,5.49,7.41,84,NS,8,NS,2,W
LN1,8/7/2017,10.02,NS,52,NS,4,NS,2,W
N1,8/7/2017,7.75,6.38,24,NS,4,NS,2,W
N3B,8/7/2017,8.43,7.48,20,NS,2,NS,3,W
N4,8/7/2017,7.47,7.18,4,NS,2,NS,2.5,W
N5,8/7/2017,7.36,6.83,28,NS,2,NS,2.5,W
NR1,8/7/2017,9.17,8.03,16,NS,2,NS,2.5,W
SP1,8/7/2017,3.98,NS,232,NS,112,NS,NS,D
AC1,8/3/2017,6.63,NS,743,NS,144,NS,NS,D
AC2,8/3/2017,2.72,NS,663,NS,220,NS,NS,D
BR1,8/3/2017,6,NS,12800,NS,1500,NS,NS,D
BR3,8/3/2017,0.41,NS,42000,NS,2800,NS,NS,D
E12,8/3/2017,8.61,NS,991,NS,24,NS,NS,D
E13,8/3/2017,4.24,NS,600,NS,102,NS,NS,D
HR03,8/3/2017,4.04,NS,6000,NS,4000,NS,NS,D
HR1,8/3/2017,5.1,NS,6000,NS,3500,NS,NS,D
HR2,8/3/2017,1.36,NS,6000,NS,5000,NS,NS,D
WC1,8/3/2017,2.1,NS,6000,NS,600,NS,NS,D
WC2,8/3/2017,0.31,NS,6000,NS,600,NS,NS,D
WC3,8/3/2017,4.32,NS,6000,NS,630,NS,NS,D
BB2,8/2/2017,19.02,8.83,280,NS,1,NS,1,D
BB4,8/2/2017,10.89,6.78,10,NS,43,NS,1,D
GHC,8/2/2017,7.48,3.67,4,NS,1,NS,2,D
HOB,8/2/2017,9.04,8.52,4,NS,10,NS,2,D
J1,8/2/2017,7.36,7.11,1,NS,1,NS,5,D
J10,8/2/2017,9.44,10.33,6,NS,1,NS,2,D
J11,8/2/2017,14.7,8.63,16,NS,2,NS,1.5,D
J12,8/2/2017,6.58,3.13,2,NS,1,NS,1,D
J2,8/2/2017,8.42,7.46,2,NS,1,NS,1.5,D
J3,8/2/2017,8.97,6.37,4,NS,1,NS,1.5,D
J5,8/2/2017,7.36,7.27,10,NS,1,NS,2,D
J7,8/2/2017,12.59,8.04,4,NS,1,NS,1,D
J8,8/2/2017,13.27,8.6,4,NS,1,NS,1,D
J9A,8/2/2017,9.79,7.19,21,NS,1,NS,1.5,D
JA1,8/2/2017,10.17,3.35,16,NS,1,NS,1.5,D
N16,8/2/2017,8.62,6.94,1,NS,1,NS,4,D
N9,8/2/2017,6.85,7.35,1,NS,1,NS,4,D
N9A,8/2/2017,8.13,7.81,1,NS,1,NS,3,D
PB2,8/2/2017,4.06,5.04,24,NS,6,NS,1,D
PB3,8/2/2017,11.32,10.39,8,NS,1,NS,1,D
SP2,8/2/2017,10.89,NS,5,NS,1,NS,1,D
TB1,8/2/2017,3.94,3.96,112,NS,7,NS,2.5,D
TB2,8/2/2017,6,4.62,12,NS,4,NS,2.5,D
CIC3,8/1/2017,8.81,8.41,90,NS,1,NS,3.5,D
F1,8/1/2017,12.35,NS,430,NS,4,NS,NS,D
F5,8/1/2017,12.36,NS,96,NS,2,NS,NS,D
G2,8/1/2017,6.91,6.51,16,NS,2,NS,3,D
GB1,8/1/2017,7.39,7.13,5,NS,1,NS,3,D
HC1,8/1/2017,7.61,NS,62,NS,2,NS,NS,D
HC2,8/1/2017,7.24,NS,30,NS,2,NS,NS,D
HC3,8/1/2017,12.74,NS,14,NS,2,NS,NS,D
J14,8/1/2017,9.85,NS,4,NS,2,NS,NS,D
J15,8/1/2017,NS,NS,NS,NS,NS,NS,NS,NS
J16,8/1/2017,8.34,7.15,4,NS,2,NS,NS,D
K1,8/1/2017,7.4,5.89,8,NS,56,NS,3,D
K2,8/1/2017,6.22,5.99,28,NS,2,NS,3.5,D
K3,8/1/2017,6.26,5.83,8,NS,2,NS,3.5,D
K4,8/1/2017,6.51,5.64,16,NS,1,NS,3,D
K5,8/1/2017,5.63,5.2,6,NS,3,NS,3.5,D
K5A,8/1/2017,5.13,4.58,119,NS,8,NS,3.5,D
K6,8/1/2017,13.76,8.05,1,NS,3,NS,2,D
N6,8/1/2017,6.44,6.45,32,NS,6,NS,3,D
N7,8/1/2017,6.79,5.98,40,NS,6,NS,3.5,D
N8,8/1/2017,7.4,5.99,4,NS,1,NS,3,D
NC0,8/1/2017,6.87,6.72,1082,1173,300,290,3,D
NC1,8/1/2017,3.29,4.55,280,223,44,36,1.5,D
NC2,8/1/2017,7.98,8.36,132,172,44,32,2,D
NC3,8/1/2017,5.62,5.94,48,56,20,16,2,D
BR5,7/31/2017,3.38,NS,40,NS,10,NS,2,D
CIC2,7/31/2017,2.13,NS,10,NS,4,NS,NS,D
E10,7/31/2017,5.22,4.31,10,NS,1,NS,3,D
E11,7/31/2017,10.28,NS,10,NS,1,NS,2.5,D
E14,7/31/2017,5.03,4.31,6,NS,1,NS,4,D
E15,7/31/2017,5.22,NS,32,NS,1,NS,3.5,D
E2,7/31/2017,4.53,5.03,11,NS,5,NS,3.5,D
E4,7/31/2017,4.62,5,13,NS,2,NS,3.5,D
E6,7/31/2017,4.95,4.57,40,NS,3,NS,4,D
E7,7/31/2017,4.8,4.64,2,NS,1,NS,4.5,D
E8,7/31/2017,4.6,4.92,7,NS,1,NS,4.5,D
FB1,7/31/2017,4.86,4.9,40,NS,17,NS,3.5,D
FLC1,7/31/2017,2.2,NS,350,NS,11,NS,2,D
FLC2,7/31/2017,3.43,3.33,390,NS,44,NS,2.5,D
GC3,7/31/2017,8.2,NS,68,NS,28,NS,NS,D
GC4,7/31/2017,8.08,NS,120,NS,136,NS,NS,D
GC5,7/31/2017,7.84,NS,68,NS,28,NS,NS,D
GC6,7/31/2017,7.36,6.21,88,112,24,40,NS,D
H3,7/31/2017,5.57,5.64,64,NS,15,NS,2.5,D
LN1,7/31/2017,10.77,NS,26,NS,4,NS,2.5,D
N1,7/31/2017,7.63,5.23,5,NS,1,NS,3,D
N3B,7/31/2017,7.94,5.23,40,NS,2,NS,3,D
N4,7/31/2017,6.95,5.66,60,NS,4,NS,3,D
N5,7/31/2017,6.7,6.28,20,NS,1,NS,3,D
NR1,7/31/2017,7.41,5.33,280,NS,18,NS,3,D
SP1,7/31/2017,14.81,NS,12300,NS,20,NS,NS,D
AC1,7/27/2017,8.04,NS,3500,NS,800,NS,NS,D
AC2,7/27/2017,8.44,NS,9273,NS,2500,NS,NS,D
BR1,7/27/2017,6.99,NS,1800,NS,500,NS,NS,D
BR3,7/27/2017,1.08,NS,529,NS,116,NS,NS,D
E12,7/27/2017,7.05,NS,20,NS,4,NS,NS,D
E13,7/27/2017,4.27,NS,54,NS,2,NS,NS,D
HR03,7/27/2017,1.51,NS,589,NS,20,NS,NS,D
HR1,7/27/2017,3.16,NS,430,NS,4,NS,NS,D
HR2,7/27/2017,2.06,NS,1118,NS,128,NS,NS,D
WC1,7/27/2017,4.59,NS,260,NS,10,NS,NS,D
WC2,7/27/2017,2.47,NS,1254,NS,92,NS,NS,D
WC3,7/27/2017,4.35,NS,70,NS,1,NS,NS,D
BB2,7/26/2017,3.52,3.31,2100,NS,40,NS,2,W
BB4,7/26/2017,5.1,4.3,430,NS,8,NS,3.5,W
GHC,7/26/2017,5.45,4.85,24,NS,4,NS,4,W
HOB,7/26/2017,6.77,5,24,NS,2,NS,4,W
J1,7/26/2017,6.44,6.06,8,NS,2,NS,3,W
J10,7/26/2017,6.1,6.09,40,NS,2,NS,4,W
J11,7/26/2017,7.39,6.63,52,NS,2,NS,3,W
J12,7/26/2017,4.92,3.31,82,NS,2,NS,4,W
J2,7/26/2017,5.78,4.99,8,NS,2,NS,3,W
J3,7/26/2017,5.69,5.09,8,NS,2,NS,4,W
J5,7/26/2017,5.32,4.52,36,NS,2,NS,4,W
J7,7/26/2017,6.1,5.2,181,NS,2,NS,3,W
J8,7/26/2017,5.42,4.66,24,NS,2,NS,3.5,W
J9A,7/26/2017,5.63,4.54,20,NS,2,NS,4,W
JA1,7/26/2017,5.82,4.24,148,NS,2,NS,3.5,W
N16,7/26/2017,7.47,7.58,2,NS,2,NS,4,W
N9,7/26/2017,6.07,6.09,4,NS,2,NS,3.5,W
N9A,7/26/2017,6.17,6.32,4,NS,2,NS,3,W
PB2,7/26/2017,4.22,4.03,212,NS,4,NS,3.5,W
PB3,7/26/2017,5.09,5.41,90,NS,2,NS,4,W
SP2,7/26/2017,5.4,NS,44,NS,2,NS,4,W
TB1,7/26/2017,3.04,2.99,280,NS,26,NS,4,W
TB2,7/26/2017,3.71,3.76,180,NS,36,NS,4,W
F1,7/25/2017,2.45,NS,69000,NS,580,NS,NS,W
F5,7/25/2017,4.12,NS,52000,NS,640,NS,NS,W
HC1,7/25/2017,6,NS,11182,NS,630,NS,NS,W
HC2,7/25/2017,3.93,NS,5500,NS,630,NS,NS,W
HC3,7/25/2017,4.06,NS,5300,NS,10,NS,NS,W
J14,7/25/2017,4.89,4.76,32,NS,4,NS,NS,W
J15,7/25/2017,5.31,5.3,196,NS,4,NS,NS,W
J16,7/25/2017,5.85,5.71,44,NS,10,NS,NS,W
BR5,7/24/2017,4.77,5.1,3800,NS,1200,NS,2.5,W
CIC2,7/24/2017,3.44,NS,60000,NS,60000,NS,NS,W
E10,7/24/2017,5,4.09,120,NS,12,NS,3,W
E11,7/24/2017,6.04,NS,400,NS,18,NS,2,W
E14,7/24/2017,5.29,4.53,480,NS,106,NS,4.5,W
E15,7/24/2017,5.55,4.89,6000,NS,11100,NS,2,W
E2,7/24/2017,5.68,5.42,168,NS,62,NS,2.5,W
E4,7/24/2017,4.62,4.76,640,NS,350,NS,2.5,W
E6,7/24/2017,5.63,4.8,870,NS,96,NS,3,W
E7,7/24/2017,5.85,6.15,640,NS,46,NS,4,W
E8,7/24/2017,5.05,4.19,480,NS,42,NS,3,W
FB1,7/24/2017,6.52,5.93,5000,NS,310,NS,2.5,W
FLC1,7/24/2017,2.81,2.71,60000,NS,6000,NS,2,W
FLC2,7/24/2017,4.19,4.69,9273,NS,920,NS,3,W
GC3,7/24/2017,7.85,7.83,2400,3400,390,420,NS,W
GC4,7/24/2017,7.57,7.55,9273,8000,1900,2200,NS,W
GC5,7/24/2017,7.52,7.39,24000,5200,2600,700,NS,W
GC6,7/24/2017,6.96,6.16,60000,79000,80000,16000,NS,W
H3,7/24/2017,5.68,5.35,2500,NS,670,NS,2,W
LN1,7/24/2017,6.06,NS,250,NS,16,NS,2.5,W
N1,7/24/2017,6.76,5.21,700,NS,205,NS,2,W
N3B,7/24/2017,6.32,5.95,1560,NS,510,NS,2,W
N4,7/24/2017,6.01,5.92,152,NS,62,NS,2.5,W
N5,7/24/2017,6.33,6.49,450,NS,160,NS,2.5,W
NR1,7/24/2017,5.45,5.55,2440,NS,600,NS,2,W
SP1,7/24/2017,4.02,NS,4500,NS,470,NS,NS,W
AC1,7/20/2017,4.47,NS,701,NS,152,NS,NS,D
AC2,7/20/2017,3.31,NS,1000,NS,300,NS,NS,D
BR1,7/20/2017,6.1,NS,510,NS,180,NS,NS,D
BR3,7/20/2017,0.74,NS,766,NS,96,NS,NS,D
E12,7/20/2017,9.21,NS,12,NS,4,NS,NS,D
E13,7/20/2017,3.98,NS,5,NS,2,NS,NS,D
HR03,7/20/2017,NS,NS,NS,NS,NS,NS,NS,NS
HR1,7/20/2017,NS,NS,NS,NS,NS,NS,NS,NS
HR2,7/20/2017,NS,NS,NS,NS,NS,NS,NS,NS
WC1,7/20/2017,6.03,NS,96,NS,16,NS,NS,D
WC2,7/20/2017,1.22,NS,104,NS,44,NS,NS,D
WC3,7/20/2017,4.37,NS,30,NS,2,NS,NS,D
BB2,7/19/2017,12.89,9.29,150,NS,1,NS,1,D
BB4,7/19/2017,14.76,13.05,50,NS,1,NS,1.5,D
CIC2,7/19/2017,1.85,NS,50000,NS,108,NS,NS,D
GC3,7/19/2017,8.01,NS,96,NS,28,NS,NS,D
GC4,7/19/2017,7.78,NS,184,NS,28,NS,NS,D
GC5,7/19/2017,7.72,NS,128,NS,8,NS,NS,D
GC6,7/19/2017,6.52,7.25,96,32,28,28,NS,D
GHC,7/19/2017,9.16,5.42,4,NS,1,NS,2.5,D
HOB,7/19/2017,8.11,7.26,30,NS,4,NS,3,D
J1,7/19/2017,9.7,9,2,NS,1,NS,3,D
J10,7/19/2017,8.86,8.42,1,NS,1,NS,3.5,D
J11,7/19/2017,10.91,8.63,300,NS,1,NS,2,D
J12,7/19/2017,13.65,3.6,1,NS,1,NS,2,D
J2,7/19/2017,10.37,9,4,NS,1,NS,3,D
J3,7/19/2017,9.8,8.66,1,NS,1,NS,3,D
J5,7/19/2017,9.7,9.14,11,NS,1,NS,2,D
J7,7/19/2017,12.33,9.1,16,NS,2,NS,1.5,D
J8,7/19/2017,10.57,9.58,16,NS,1,NS,2.5,D
J9A,7/19/2017,8.64,8.6,8,NS,2,NS,3,D
JA1,7/19/2017,12.13,8.01,10,NS,1,NS,2,D
N16,7/19/2017,8.82,8.84,2,NS,1,NS,4,D
N9,7/19/2017,7.28,7.73,50,NS,1,NS,3.5,D
N9A,7/19/2017,8.68,8.84,1,NS,1,NS,3,D
PB2,7/19/2017,15.93,14.81,22,NS,1,NS,2,D
PB3,7/19/2017,13.6,13.24,4,NS,1,NS,2.5,D
SP1,7/19/2017,18.6,NS,200,NS,2,NS,NS,D
SP2,7/19/2017,10.02,NS,23,NS,1,NS,3,D
TB1,7/19/2017,4.86,5.33,210,NS,5,NS,3,D
TB2,7/19/2017,7.1,6.77,36,NS,5,NS,2.5,D
CIC3,7/18/2017,5.72,5.65,160,NS,10,NS,3,D
F1,7/18/2017,15.7,NS,40,NS,4,NS,NS,D
F5,7/18/2017,14.9,NS,14,NS,38,NS,NS,D
G2,7/18/2017,6.19,5.85,20,NS,29,NS,3.5,D
GB1,7/18/2017,6.94,6.86,7,NS,1,NS,3.5,D
HC1,7/18/2017,7.54,NS,16,NS,4,NS,NS,D
HC2,7/18/2017,8.56,NS,8,NS,2,NS,NS,D
HC3,7/18/2017,10.59,NS,88,NS,380,NS,NS,D
J14,7/18/2017,11.24,NS,2,NS,2,NS,NS,D
J15,7/18/2017,11.28,NS,2,NS,2,NS,NS,D
J16,7/18/2017,10.1,9.67,4,NS,4,NS,NS,D
K1,7/18/2017,5,4.86,40,NS,1,NS,3,D
K2,7/18/2017,4.81,4.61,20,NS,1,NS,3,D
K3,7/18/2017,5.24,5.11,52,NS,1,NS,3,D
K4,7/18/2017,5.31,5.16,32,NS,47,NS,3,D
K5,7/18/2017,5.34,5.21,12,NS,1,NS,3.5,D
K5A,7/18/2017,5.13,4.82,8,NS,1,NS,3,D
K6,7/18/2017,6.93,6.8,2,NS,1,NS,2.5,D
N6,7/18/2017,4.81,4.43,12,NS,3,NS,3,D
N7,7/18/2017,5,4.86,10,NS,1,NS,3,D
N8,7/18/2017,6.79,6.69,10,NS,1,NS,3,D
NC0,7/18/2017,4.75,4.63,390,320,16,28,3,D
NC1,7/18/2017,4.47,4.31,440,430,20,20,2.5,D
NC2,7/18/2017,5.16,4.98,84,96,12,8,2.5,D
NC3,7/18/2017,4.88,4.69,68,80,4,20,3,D
BR5,7/17/2017,5.19,5.21,46,NS,5,NS,2,D
E10,7/17/2017,6.61,4,10,NS,1,NS,3,D
E11,7/17/2017,9.7,NS,11,NS,1,NS,1.5,D
E14,7/17/2017,4.93,4.8,20,NS,2,NS,3,D
E15,7/17/2017,6.79,6.26,36,NS,1,NS,2,D
E2,7/17/2017,4.79,5.41,17,NS,3,NS,3,D
E4,7/17/2017,4.17,3.58,25,NS,9,NS,3,D
E6,7/17/2017,4.51,4.53,31,NS,11,NS,3,D
E7,7/17/2017,4.84,5.37,16,NS,1,NS,3,D
E8,7/17/2017,5,4.18,12,NS,1,NS,3,D
FB1,7/17/2017,5.25,5.43,360,NS,116,NS,2,D
FLC1,7/17/2017,3.83,3.43,156,NS,25,NS,3,D
FLC2,7/17/2017,5.39,5.01,52,NS,3,NS,2.5,D
H3,7/17/2017,4.53,5,48,NS,21,NS,3.5,D
LN1,7/17/2017,8.04,NS,13,NS,1,NS,2,D
N1,7/17/2017,6,4.9,6,NS,2,NS,2.5,D
N3B,7/17/2017,6.55,5.4,24,NS,4,NS,2,D
N4,7/17/2017,6.66,5.45,23,NS,2,NS,2.5,D
N5,7/17/2017,6.09,5.76,22,NS,2,NS,3,D
NR1,7/17/2017,6.1,5.34,24,NS,3,NS,2.5,D
AC1,7/13/2017,8,NS,2000,NS,700,NS,NS,D
AC2,7/13/2017,8.17,NS,2400,NS,400,NS,NS,D
BR1,7/13/2017,5.7,NS,2100,NS,232,NS,NS,D
BR3,7/13/2017,4.46,NS,467,NS,132,NS,NS,D
F1,7/13/2017,7.61,NS,310,NS,2,NS,NS,D
F5,7/13/2017,7.05,NS,226,NS,2,NS,NS,D
HC1,7/13/2017,5.6,NS,108,NS,240,NS,NS,D
HC2,7/13/2017,4.59,NS,124,NS,28,NS,NS,D
HC3,7/13/2017,4.98,NS,42,NS,2,NS,NS,D
J14,7/13/2017,6.76,NS,4,NS,2,NS,NS,D
J15,7/13/2017,NS,NS,NS,NS,NS,NS,NS,D
J16,7/13/2017,7.52,7.58,2,NS,4,NS,NS,D
BB2,7/12/2017,5.42,5.28,4400,NS,28,NS,3,D
BB4,7/12/2017,5.33,5.27,350,NS,2,NS,4.5,D
CIC2,7/12/2017,5.45,NS,14100,NS,16,NS,NS,D
GC3,7/12/2017,8.23,NS,96,NS,40,NS,NS,D
GC4,7/12/2017,7.94,7.09,184,172,60,76,NS,D
GC5,7/12/2017,7.71,7.36,236,160,24,100,NS,D
GC6,7/12/2017,6.47,6.18,11700,2700,140,76,NS,D
GHC,7/12/2017,5.37,5.26,8,NS,1,NS,3.5,D
HOB,7/12/2017,5.27,5.16,10,NS,1,NS,2.5,D
J1,7/12/2017,8.4,8.24,1,NS,1,NS,3.5,D
J10,7/12/2017,7.81,7.56,24,NS,1,NS,3,D
J11,7/12/2017,8.45,8.39,780,NS,3,NS,3,D
J12,7/12/2017,5.49,5.31,6,NS,1,NS,5,D
J2,7/12/2017,6.71,6.59,2,NS,1,NS,3.5,D
J3,7/12/2017,6.84,6.65,7,NS,1,NS,4,D
J5,7/12/2017,6.86,6.72,3,NS,1,NS,3.5,D
J7,7/12/2017,5.83,5.51,4,NS,1,NS,5,D
J8,7/12/2017,5.92,5.78,16,NS,1,NS,3.5,D
J9A,7/12/2017,6.63,6.47,13,NS,1,NS,3,D
JA1,7/12/2017,5.56,5.43,20,NS,1,NS,5,D
N16,7/12/2017,8.56,8.32,1,NS,1,NS,4,D
N9,7/12/2017,8.03,7.81,4,NS,1,NS,3,D
N9A,7/12/2017,8.46,8.34,1,NS,1,NS,4,D
PB2,7/12/2017,9.88,9.71,38,NS,2,NS,2.5,D
PB3,7/12/2017,10.45,10.28,48,NS,1,NS,3,D
SP1,7/12/2017,5.38,NS,321,NS,12,NS,NS,D
SP2,7/12/2017,7.01,NS,10,NS,1,NS,3.5,D
TB1,7/12/2017,4.7,4.57,184,NS,13,NS,3.5,D
TB2,7/12/2017,6.36,6.14,150,NS,12,NS,3,D
CIC3,7/11/2017,7.01,6.84,520,NS,3,NS,4.5,D
E12,7/11/2017,9.21,NS,4,NS,4,NS,NS,D
E13,7/11/2017,5.33,NS,10,NS,4,NS,NS,D
G2,7/11/2017,6.39,6.21,40,NS,21,NS,4.5,D
GB1,7/11/2017,7.29,7.15,14,NS,10,NS,4,D
HR03,7/11/2017,6.44,NS,4,NS,16,NS,NS,D
HR1,7/11/2017,7,NS,8,NS,10,NS,NS,D
HR2,7/11/2017,4.57,NS,84,NS,88,NS,NS,D
K1,7/11/2017,6.42,6.21,24,NS,3,NS,4,D
K2,7/11/2017,6.47,6.35,64,NS,1,NS,3.5,D
K3,7/11/2017,6.25,6.07,24,NS,1,NS,3.5,D
K4,7/11/2017,6.3,6.16,20,NS,2,NS,3,D
K5,7/11/2017,5.38,5.22,12,NS,2,NS,4,D
K5A,7/11/2017,5.12,4.93,2,NS,1,NS,4.5,D
K6,7/11/2017,9.56,9.44,1,NS,1,NS,2.5,D
N6,7/11/2017,6.87,6.65,8,NS,1,NS,3.5,D
N7,7/11/2017,7.23,7.07,16,NS,1,NS,3.5,D
N8,7/11/2017,7.04,6.91,12,NS,1,NS,3,D
NC0,7/11/2017,5.07,4.89,590,600,24,20,4,D
NC1,7/11/2017,5.2,5.14,3200,2800,116,124,2,D
NC2,7/11/2017,6.18,6.04,212,172,20,30,2.5,D
NC3,7/11/2017,6.17,6.04,84,44,4,8,2.5,D
WC1,7/11/2017,3.32,NS,66,NS,64,NS,NS,D
WC2,7/11/2017,1.2,NS,982,NS,210,NS,NS,D
WC3,7/11/2017,5.29,NS,2,NS,1,NS,NS,D
BR5,7/10/2017,5.69,5.23,212,NS,14,NS,3,D
E10,7/10/2017,7.47,4.32,20,NS,1,NS,3,D
E11,7/10/2017,5.8,NS,68,NS,1,NS,3.5,D
E14,7/10/2017,5.34,5.18,52,NS,6,NS,3,D
E15,7/10/2017,5.06,5.15,1900,NS,9,NS,3,D
E2,7/10/2017,6.23,6.08,46,NS,10,NS,3,D
E4,7/10/2017,5.59,5.4,64,NS,3,NS,3,D
E6,7/10/2017,5.72,5.32,44,NS,1,NS,4,D
E7,7/10/2017,5.13,4.97,72,NS,1,NS,3.5,D
E8,7/10/2017,5.39,4.04,64,NS,2,NS,3.5,D
FB1,7/10/2017,5.12,5.18,136,NS,1,NS,3.5,D
FLC1,7/10/2017,4.23,4.13,102000,NS,600,NS,2,D
FLC2,7/10/2017,5.78,5.13,4900,NS,13,NS,3,D
H3,7/10/2017,6.1,5.97,165,NS,32,NS,1.5,D
LN1,7/10/2017,9.9,NS,68,NS,1,NS,2.5,D
N1,7/10/2017,6.99,5.92,8,NS,1,NS,2,D
N3B,7/10/2017,6.68,5.88,46,NS,2,NS,2.5,D
N4,7/10/2017,6.64,5.75,64,NS,10,NS,2,D
N5,7/10/2017,6.5,6.25,33,NS,3,NS,2.5,D
NR1,7/10/2017,6.98,5.81,42,NS,4,NS,3,D
AC1,7/6/2017,3.96,NS,368,NS,40,NS,NS,D
AC2,7/6/2017,3.69,NS,391,NS,152,NS,NS,D
BR1,7/6/2017,6.32,NS,648,NS,252,NS,NS,D
BR3,7/6/2017,2.12,NS,303,NS,60,NS,NS,D
F1,7/6/2017,7.72,2.57,179,NS,44,NS,NS,D
F5,7/6/2017,5.9,4.25,112,NS,32,NS,NS,D
HC1,7/6/2017,4.04,NS,108,NS,30,NS,NS,D
HC2,7/6/2017,3.5,NS,44,NS,10,NS,NS,D
HC3,7/6/2017,4.37,NS,40,NS,2,NS,NS,D
J14,7/6/2017,6.43,NS,52,NS,2,NS,NS,D
J15,7/6/2017,3.74,NS,12,NS,8,NS,NS,D
J16,7/6/2017,6.04,6.19,2,NS,2,NS,NS,D
CIC2,7/5/2017,2.7,NS,54000,NS,176,NS,NS,D
GC3,7/5/2017,9.05,NS,68,NS,32,NS,NS,D
GC4,7/5/2017,8.95,NS,16,NS,68,NS,NS,D
GC5,7/5/2017,8.87,NS,16,NS,48,NS,NS,D
GC6,7/5/2017,8.2,8.23,72,124,16,16,NS,D
SP1,7/5/2017,10.77,NS,60,NS,208,NS,NS,D
AC1,6/29/2017,8.19,NS,2000,NS,800,NS,NS,D
AC2,6/29/2017,8.49,NS,4300,NS,600,NS,NS,D
BR1,6/29/2017,7.16,NS,268,NS,300,NS,NS,D
BR3,6/29/2017,2.67,NS,168,NS,132,NS,NS,D
E12,6/29/2017,8.02,NS,20,NS,8,NS,NS,D
E13,6/29/2017,5.4,NS,34,NS,3,NS,NS,D
HR03,6/29/2017,5.5,NS,144,NS,36,NS,NS,D
HR1,6/29/2017,6.41,NS,182,NS,36,NS,NS,D
HR2,6/29/2017,NS,NS,NS,NS,NS,NS,NS,NS
WC1,6/29/2017,NS,NS,NS,NS,NS,NS,NS,NS
WC2,6/29/2017,NS,NS,NS,NS,NS,NS,NS,NS
WC3,6/29/2017,NS,NS,NS,NS,NS,NS,NS,NS
BB2,6/28/2017,7.97,7.62,290,NS,2,NS,2.5,D
BB4,6/28/2017,7.21,7.15,260,NS,1,NS,3,D
CIC2,6/28/2017,7.8,NS,10364,NS,24,NS,NS,D
GC3,6/28/2017,8.35,NS,236,NS,172,NS,NS,D
GC4,6/28/2017,8.21,8.01,398,552,140,132,NS,D
GC5,6/28/2017,7.92,7.76,421,521,96,176,NS,D
GC6,6/28/2017,6.5,5.5,4100,2700,188,229,NS,D
GHC,6/28/2017,7.39,6.88,4,NS,1,NS,3.5,D
HOB,6/28/2017,8.78,8.64,12,NS,1,NS,4,D
J1,6/28/2017,7.88,7.65,28,NS,1,NS,4,D
J10,6/28/2017,9.79,9.66,8,NS,1,NS,3,D
J11,6/28/2017,4.29,9,540,NS,5,NS,3.5,D
J12,6/28/2017,8.11,7.51,41,NS,1,NS,3,D
J2,6/28/2017,8.92,8.73,2,NS,1,NS,3,D
J3,6/28/2017,9.12,8.96,2,NS,1,NS,3.5,D
J5,6/28/2017,8.53,8.7,7,NS,1,NS,4,D
J7,6/28/2017,9.04,8.78,140,NS,1,NS,3,D
J8,6/28/2017,9.21,8.41,12,NS,1,NS,3.5,D
J9A,6/28/2017,9.08,8.78,3,NS,10,NS,3.5,D
JA1,6/28/2017,8.11,7.96,140,NS,1,NS,3,D
N16,6/28/2017,8.23,8.12,1,NS,1,NS,10,D
N9,6/28/2017,8.03,7.89,21,NS,1,NS,4.5,D
N9A,6/28/2017,7.68,7.49,1,NS,1,NS,6,D
PB2,6/28/2017,9.17,8.89,18,NS,2,NS,2,D
PB3,6/28/2017,9.11,8.53,20,NS,1,NS,2.5,D
SP1,6/28/2017,10.23,NS,90,NS,12,NS,NS,D
SP2,6/28/2017,9.53,NS,11,NS,7,NS,3,D
TB1,6/28/2017,7.87,7.27,56,NS,1,NS,4.5,D
TB2,6/28/2017,7.61,7.27,24,NS,1,NS,4,D
CIC3,6/27/2017,7.18,7.07,440,NS,2,NS,3.5,W
F1,6/27/2017,8.68,NS,500,NS,1000,NS,NS,W
F5,6/27/2017,9.06,NS,520,NS,460,NS,NS,W
G2,6/27/2017,6.26,5.91,100,NS,32,NS,4,W
GB1,6/27/2017,7.46,7.14,6,NS,2,NS,4,W
HC1,6/27/2017,6.37,NS,2600,NS,80,NS,NS,W
HC2,6/27/2017,7.19,NS,10,NS,10,NS,NS,W
HC3,6/27/2017,8.57,NS,10,NS,10,NS,NS,W
J14,6/27/2017,9.3,NS,80,NS,700,NS,NS,W
J15,6/27/2017,9.49,NS,570,NS,260,NS,NS,W
J16,6/27/2017,9.25,NS,108,NS,60,NS,NS,W
K1,6/27/2017,6.13,5.96,52,NS,4,NS,2.5,W
K2,6/27/2017,6.71,6.03,40,NS,4,NS,3.5,W
K3,6/27/2017,5.75,5.68,68,NS,10,NS,3.5,W
K4,6/27/2017,5.35,4.74,56,NS,4,NS,3,W
K5,6/27/2017,5.67,5.49,44,NS,2,NS,3,W
K5A,6/27/2017,6.3,6.28,52,NS,2,NS,4,W
K6,6/27/2017,8.01,7.81,4,NS,2,NS,4.5,W
N6,6/27/2017,7.05,6.93,12,NS,2,NS,3,W
N7,6/27/2017,6.94,6.42,28,NS,2,NS,3,W
N8,6/27/2017,7.29,7.15,8,NS,2,NS,4,W
NC0,6/27/2017,3.69,3.59,480,580,200,210,4.5,W
NC1,6/27/2017,2.82,2.59,883,2100,365,270,4,W
NC2,6/27/2017,2.85,2.77,230,520,60,40,6,W
NC3,6/27/2017,4.57,4.29,160,220,20,50,5,W
BR5,6/26/2017,8.39,7.51,101,NS,7,NS,1.5,D
E10,6/26/2017,5.54,5.12,30,NS,2,NS,3,D
E11,6/26/2017,5.1,NS,86,NS,1,NS,3,D
E14,6/26/2017,5.22,5.13,64,NS,4,NS,4,D
E15,6/26/2017,5.13,NS,1600,NS,44,NS,2,D
E2,6/26/2017,5.32,5.28,46,NS,5,NS,2.5,D
E4,6/26/2017,5.84,5.46,64,NS,7,NS,2.5,D
E6,6/26/2017,5.79,5.31,116,NS,13,NS,3,D
E7,6/26/2017,5.08,4.98,102,NS,2,NS,3,D
E8,6/26/2017,5.02,4.41,88,NS,4,NS,3.5,D
FB1,6/26/2017,6.07,5.54,320,NS,25,NS,1,D
FLC1,6/26/2017,3.76,3.3,73000,NS,600,NS,1.5,D
FLC2,6/26/2017,4.8,4.65,52000,NS,580,NS,2,D
H3,6/26/2017,6.15,5.84,58,NS,35,NS,1,D
LN1,6/26/2017,6.98,NS,100,NS,1,NS,2.5,D
N1,6/26/2017,5.81,5.19,50,NS,20,NS,1.5,D
N3B,6/26/2017,6.33,5.46,40,NS,11,NS,2,D
N4,6/26/2017,6.04,5.97,58,NS,7,NS,2,D
N5,6/26/2017,NS,NS,NS,NS,NS,NS,NS,NS
NR1,6/26/2017,6.12,5.6,45,NS,10,NS,2,D
AC1,6/22/2017,9.8,NS,1182,NS,216,NS,NS,D
AC2,6/22/2017,6.71,NS,2091,NS,700,NS,NS,D
BR1,6/22/2017,6.42,NS,3400,NS,500,NS,NS,D
BR3,6/22/2017,11,NS,1273,NS,212,NS,NS,D
F1,6/22/2017,NS,NS,NS,NS,NS,NS,NS,NS
F5,6/22/2017,NS,NS,NS,NS,NS,NS,NS,NS
HC1,6/22/2017,1.54,NS,400,NS,82,NS,NS,D
HC2,6/22/2017,3.25,NS,188,NS,38,NS,NS,D
HC3,6/22/2017,NS,NS,NS,NS,NS,NS,NS,NS
J14,6/22/2017,NS,NS,NS,NS,NS,NS,NS,NS
J15,6/22/2017,NS,NS,NS,NS,NS,NS,NS,NS
J16,6/22/2017,NS,NS,NS,NS,NS,NS,NS,NS
BB2,6/21/2017,1.01,NS,28000,NS,192,NS,1.5,W
BB4,6/21/2017,4.96,5.21,2700,NS,12,NS,3.5,W
CIC2,6/21/2017,2.58,NS,68000,NS,260,NS,NS,W
GC3,6/21/2017,8.65,NS,300,NS,230,NS,NS,W
GC4,6/21/2017,8.31,NS,1153,NS,340,NS,NS,W
GC5,6/21/2017,8.27,NS,775,NS,210,NS,NS,W
GC6,6/21/2017,6.81,7.64,1919,3700,270,430,NS,W
GHC,6/21/2017,6.84,5.38,80,NS,4,NS,2.5,W
HOB,6/21/2017,8.36,7.56,275,NS,14,NS,2.5,W
J1,6/21/2017,7.02,6.6,20,NS,2,NS,3.5,W
J10,6/21/2017,6.52,6.54,44,NS,2,NS,3,W
J11,6/21/2017,9.36,9.4,18,NS,2,NS,2.5,W
J12,6/21/2017,7.69,5.68,128,NS,4,NS,2,W
J2,6/21/2017,6.5,6.6,30,NS,2,NS,3,W
J3,6/21/2017,6.56,6.26,116,NS,2,NS,4,W
J5,6/21/2017,8.12,8.29,64,NS,2,NS,2.5,W
J7,6/21/2017,6.3,6.35,300,NS,2,NS,4,W
J8,6/21/2017,7.14,6.82,380,NS,2,NS,3,W
J9A,6/21/2017,6,6.13,173,NS,2,NS,3.5,W
JA1,6/21/2017,7.05,6.97,575,NS,4,NS,3,W
N16,6/21/2017,NS,NS,NS,NS,NS,NS,NS,W
N9,6/21/2017,6.74,6.99,50,NS,2,NS,4.5,W
N9A,6/21/2017,7.77,7.68,4,NS,2,NS,5,W
PB2,6/21/2017,7.65,7.93,140,NS,2,NS,2.5,W
PB3,6/21/2017,7.08,NS,148,NS,2,NS,3,W
SP1,6/21/2017,14.03,NS,1117,NS,20,NS,NS,W
SP2,6/21/2017,7.01,NS,370,NS,2,NS,3,W
TB1,6/21/2017,4.08,3.9,748,NS,125,NS,4,W
TB2,6/21/2017,5.97,5.42,290,NS,64,NS,3,W
CIC3,6/20/2017,6.18,6.28,23000,NS,380,NS,4.5,W
E12,6/20/2017,5.7,NS,5100,NS,160,NS,NS,W
E13,6/20/2017,5.75,NS,5600,NS,116,NS,NS,W
G2,6/20/2017,6.4,6.65,17700,NS,1100,NS,4.5,W
GB1,6/20/2017,7.49,7.47,438,NS,20,NS,4.5,W
HR03,6/20/2017,1.83,NS,60000,NS,1500,NS,NS,W
HR1,6/20/2017,3.1,NS,61000,NS,1300,NS,NS,W
HR2,6/20/2017,1.3,NS,70000,NS,1000,NS,NS,W
K1,6/20/2017,6.46,6.48,560,NS,121,NS,2.5,W
K2,6/20/2017,6.58,6.57,530,NS,106,NS,2.5,W
K3,6/20/2017,6.76,6.13,4100,NS,124,NS,3,W
K4,6/20/2017,6.3,5.58,2000,NS,480,NS,2.5,W
K5,6/20/2017,5.71,4.34,204,NS,44,NS,3,W
K5A,6/20/2017,5.67,5.51,208,NS,22,NS,3,W
K6,6/20/2017,8.7,7.73,32,NS,2,NS,2,W
N6,6/20/2017,6.88,6.22,480,NS,91,NS,2.5,W
N7,6/20/2017,6.59,6.54,450,NS,58,NS,3,W
N8,6/20/2017,7.26,7.13,515,NS,62,NS,3.5,W
NC0,6/20/2017,4.09,3.89,110000,72000,11100,14000,2,W
NC1,6/20/2017,3.03,2.84,196000,60000,17500,6000,1.5,W
NC2,6/20/2017,3.03,3.1,60000,150000,19300,8500,1,W
NC3,6/20/2017,4.03,4.6,60000,106000,19000,7800,1,W
WC1,6/20/2017,1.69,NS,60000,NS,6000,NS,NS,W
WC2,6/20/2017,0.1,NS,60000,NS,6000,NS,NS,W
WC3,6/20/2017,5.12,NS,60000,NS,4500,NS,NS,W
BR5,6/19/2017,5.45,NS,600,NS,78,NS,3,W
E10,6/19/2017,7.32,5.72,132,NS,2,NS,3,W
E11,6/19/2017,6.23,NS,350,NS,2,NS,3,W
E14,6/19/2017,5.82,6.21,540,NS,18,NS,3.5,W
E15,6/19/2017,5.7,NS,2000,NS,60,NS,3,W
E2,6/19/2017,NS,NS,NS,NS,NS,NS,NS,NS
E4,6/19/2017,5.75,5.66,620,NS,8,NS,3,W
E6,6/19/2017,5.71,5.89,1730,NS,8,NS,2.5,W
E7,6/19/2017,5.82,5.87,360,NS,8,NS,3.5,W
E8,6/19/2017,6.1,5.25,540,NS,8,NS,3.5,W
FB1,6/19/2017,5.37,5.36,1480,NS,82,NS,2,W
FLC1,6/19/2017,3.62,3.28,6000,NS,2400,NS,2.5,W
FLC2,6/19/2017,4.48,4.16,6000,NS,4200,NS,2.5,W
H3,6/19/2017,5.75,6,675,NS,80,NS,2.5,W
LN1,6/19/2017,6.22,NS,194,NS,2,NS,2.5,W
N1,6/19/2017,NS,NS,NS,NS,NS,NS,NS,NS
N3B,6/19/2017,7.12,6.48,60,NS,8,NS,2,W
N4,6/19/2017,6.78,6.54,56,NS,10,NS,2,W
N5,6/19/2017,6.89,6.57,64,NS,2,NS,2.5,W
NR1,6/19/2017,7.23,6.17,56,NS,6,NS,2,W
AC1,6/15/2017,8.46,NS,2000,NS,150,NS,NS,W
AC2,6/15/2017,7.65,NS,793,NS,480,NS,NS,W
BR1,6/15/2017,7.53,NS,340,NS,70,NS,NS,W
BR3,6/15/2017,3.75,NS,420,NS,60,NS,NS,W
E12,6/15/2017,8.93,NS,10,NS,10,NS,NS,W
E13,6/15/2017,7.1,NS,535,NS,4,NS,NS,W
HR03,6/15/2017,5.54,NS,130,NS,20,NS,NS,W
HR1,6/15/2017,8.32,NS,40,NS,10,NS,NS,W
HR2,6/15/2017,5.63,NS,280,NS,30,NS,NS,W
WC1,6/15/2017,9.92,NS,140,NS,56,NS,NS,W
WC2,6/15/2017,3.54,NS,170,NS,104,NS,NS,W
WC3,6/15/2017,9.18,NS,120,NS,8,NS,NS,W
BB2,6/14/2017,7.51,7.46,6000,NS,8000,NS,1,W
BB4,6/14/2017,15.57,13.01,49000,NS,2580,NS,1,W
CIC2,6/14/2017,8.35,NS,3800,NS,100,NS,NS,W
GC3,6/14/2017,9.01,9,104000,32000,42000,4700,NS,W
GC4,6/14/2017,8.86,8.89,100000,67000,44000,24000,NS,W
GC5,6/14/2017,8.75,8.75,122000,53000,43000,29000,NS,W
GC6,6/14/2017,8.14,6.37,60000,5800,36000,2200,NS,W
GHC,6/14/2017,11.1,7.95,8,NS,2,NS,3,W
HOB,6/14/2017,15.91,13.31,4,NS,2,NS,3,W
J1,6/14/2017,7.75,7.26,4,NS,2,NS,5,W
J10,6/14/2017,8.61,7.93,4,NS,2,NS,3,W
J11,6/14/2017,8.2,7.8,6,NS,2,NS,3,W
J12,6/14/2017,11.44,6.62,78,NS,2,NS,2,W
J2,6/14/2017,8.43,7.84,4,NS,2,NS,3,W
J3,6/14/2017,8.55,7.01,44,NS,2,NS,4.5,W
J5,6/14/2017,10.02,8.31,10,NS,2,NS,3.5,W
J7,6/14/2017,11.42,6.8,179,NS,10,NS,1,W
J8,6/14/2017,9.94,6.31,28,NS,2,NS,3,W
J9A,6/14/2017,8.53,7.75,4,NS,2,NS,3,W
JA1,6/14/2017,12.91,9.78,236,NS,30,NS,3,W
N16,6/14/2017,7.68,5.91,2,NS,2,NS,6,W
N9,6/14/2017,7.29,5.53,10,NS,2,NS,7,W
N9A,6/14/2017,7.52,8.07,10,NS,2,NS,8,W
PB2,6/14/2017,11.16,11.01,36,NS,2,NS,3,W
PB3,6/14/2017,9.21,8.62,12,NS,2,NS,3,W
SP1,6/14/2017,11.81,NS,230,NS,10,NS,NS,W
SP2,6/14/2017,9,NS,36,NS,2,NS,3,W
TB1,6/14/2017,7.33,7.46,83000,NS,1200,NS,1.5,W
TB2,6/14/2017,14.64,11.79,570,NS,4,NS,2.5,W
CIC3,6/13/2017,8.38,8,200,NS,4,NS,3.5,D
F1,6/13/2017,10.98,7.56,126,NS,2,NS,NS,D
F5,6/13/2017,9.31,9.28,20,NS,2,NS,NS,D
G2,6/13/2017,9.06,6.98,20,NS,5,NS,3.5,D
GB1,6/13/2017,7.76,7.96,13,NS,1,NS,5,D
HC1,6/13/2017,7.35,NS,62,NS,2,NS,NS,D
HC2,6/13/2017,8.23,NS,92,NS,2,NS,NS,D
HC3,6/13/2017,9.85,NS,48,NS,8,NS,NS,D
J14,6/13/2017,10.84,10.77,2,NS,2,NS,NS,D
J15,6/13/2017,11.42,11.62,2,NS,2,NS,NS,D
J16,6/13/2017,9.26,8.89,2,NS,2,NS,NS,D
K1,6/13/2017,7.12,7.46,4,NS,3,NS,4,D
K2,6/13/2017,6.94,6.79,16,NS,2,NS,4,D
K3,6/13/2017,6.53,6.33,20,NS,1,NS,5,D
K4,6/13/2017,6.46,5.95,4,NS,1,NS,4,D
K5,6/13/2017,6.79,6.06,2,NS,1,NS,4.5,D
K5A,6/13/2017,7.04,6.57,2,NS,1,NS,4,D
K6,6/13/2017,8.07,8.22,1,NS,1,NS,4.5,D
N6,6/13/2017,7.74,7.52,8,NS,2,NS,4,D
N7,6/13/2017,7.25,7.62,28,NS,1,NS,3,D
N8,6/13/2017,8.65,7.94,8,NS,2,NS,4,D
NC0,6/13/2017,6.28,6.09,36,56,4,12,2,D
NC1,6/13/2017,11.4,10.7,68,40,4,20,2.5,D
NC2,6/13/2017,7.87,7.37,16,4,4,8,2,D
NC3,6/13/2017,7.67,6.44,28,36,4,16,3,D
BR5,6/12/2017,6.48,6.49,2,NS,1,NS,2.5,D
E10,6/12/2017,6.5,5.9,3,NS,1,NS,3,D
E11,6/12/2017,9.66,NS,6,NS,1,NS,2,D
E14,6/12/2017,6.13,6.3,7,NS,3,NS,3,D
E15,6/12/2017,5.9,5.97,40,NS,1,NS,2,D
E2,6/12/2017,7.53,6.49,9,NS,2,NS,3,D
E4,6/12/2017,6.13,6.5,7,NS,3,NS,3,D
E6,6/12/2017,6.22,6.17,18,NS,4,NS,3.5,D
E7,6/12/2017,6.23,6.39,18,NS,3,NS,3.5,D
E8,6/12/2017,6.14,5.9,15,NS,2,NS,3,D
FB1,6/12/2017,6.41,5.94,221,NS,7,NS,2,D
FLC1,6/12/2017,5.72,5.9,430,NS,60,NS,2,D
FLC2,6/12/2017,6.68,6.97,52,NS,4,NS,2,D
H3,6/12/2017,7.01,7.24,48,NS,10,NS,1,D
LN1,6/12/2017,10.43,NS,3,NS,1,NS,1.5,D
N1,6/12/2017,7.34,6.35,2,NS,1,NS,2,D
N3B,6/12/2017,7.23,7.05,17,NS,1,NS,2,D
N4,6/12/2017,7.17,6.8,42,NS,2,NS,2.5,D
N5,6/12/2017,7.22,7.4,64,NS,2,NS,2,D
NR1,6/12/2017,7.07,6.52,16,NS,2,NS,2,D
AC1,6/8/2017,7.87,NS,160,NS,36,NS,NS,D
AC2,6/8/2017,7.19,NS,60,NS,108,NS,NS,D
BR1,6/8/2017,8.41,NS,755,NS,200,NS,NS,D
BR3,6/8/2017,6.61,NS,52,NS,16,NS,NS,D
F1,6/8/2017,7.88,NS,120,NS,2,NS,NS,D
F5,6/8/2017,7.72,NS,97,NS,2,NS,NS,D
HC1,6/8/2017,4.45,NS,90,NS,14,NS,NS,D
HC2,6/8/2017,5.37,NS,22,NS,12,NS,NS,D
HC3,6/8/2017,6.2,NS,34,NS,4,NS,NS,D
J14,6/8/2017,9.64,NS,2,NS,2,NS,NS,D
J15,6/8/2017,8.86,NS,6,NS,2,NS,NS,D
J16,6/8/2017,8.19,7.9,4,NS,2,NS,NS,D
BB2,6/7/2017,3.12,NS,430,NS,12,NS,4,D
BB4,6/7/2017,4.77,4.82,40,NS,1,NS,4,D
CIC2,6/7/2017,4.93,NS,22000,NS,380,NS,NS,D
GC3,6/7/2017,9.83,9.83,4,8,32,12,NS,D
GC4,6/7/2017,9.77,9.75,4,16,4,4,NS,D
GC5,6/7/2017,9.6,9.3,84,4,100,40,NS,D
GC6,6/7/2017,8.74,9.21,8,8,8,8,NS,D
GHC,6/7/2017,5.5,4.05,20,NS,2,NS,6,D
HOB,6/7/2017,5.03,4.07,12,NS,1,NS,6,D
J1,6/7/2017,6.79,5.78,16,NS,1,NS,4.5,D
J10,6/7/2017,6.53,5.77,7,NS,1,NS,5,D
J11,6/7/2017,7.1,6.76,54,NS,2,NS,4.5,D
J12,6/7/2017,5.43,4.29,12,NS,1,NS,5,D
J2,6/7/2017,5.74,4.14,6,NS,1,NS,4.5,D
J3,6/7/2017,6.89,6.05,22,NS,1,NS,4.5,D
J5,6/7/2017,6.65,6.68,34,NS,10,NS,5,D
J7,6/7/2017,6.18,4.4,28,NS,1,NS,4,D
J8,6/7/2017,6.37,5.8,16,NS,1,NS,5,D
J9A,6/7/2017,5.95,6.16,18,NS,1,NS,5,D
JA1,6/7/2017,5.48,5.9,24,NS,2,NS,5.5,D
N16,6/7/2017,NS,NS,NS,NS,NS,NS,NS,NS
N9,6/7/2017,7.62,7.26,27,NS,2,NS,7,D
N9A,6/7/2017,7.61,7.48,4,NS,1,NS,4.5,D
PB2,6/7/2017,6.58,6.68,10,NS,1,NS,4,D
PB3,6/7/2017,8.02,8.11,4,NS,1,NS,4,D
SP1,6/7/2017,9.43,NS,52,NS,20,NS,NS,D
SP2,6/7/2017,6.04,NS,21,NS,1,NS,5,D
TB1,6/7/2017,3.98,3.74,52,NS,14,NS,8.5,D
TB2,6/7/2017,5.52,5,44,NS,8,NS,8.5,D
CIC3,6/6/2017,7.37,7.34,3000,NS,148,NS,4,W
E12,6/6/2017,8.13,NS,10,NS,10,NS,NS,W
E13,6/6/2017,6.89,NS,16,NS,2,NS,NS,W
G2,6/6/2017,6.26,4.23,40,NS,12,NS,4.5,W
GB1,6/6/2017,7.76,7.89,28,NS,2,NS,3,W
HR03,6/6/2017,4.94,NS,1000,NS,90,NS,NS,W
HR1,6/6/2017,7.13,NS,30,NS,10,NS,NS,W
HR2,6/6/2017,4.64,NS,15400,NS,160,NS,NS,W
K1,6/6/2017,7.36,7.22,80,NS,10,NS,3,W
K2,6/6/2017,6.85,6.88,88,NS,8,NS,3,W
K3,6/6/2017,6.68,6.46,410,NS,66,NS,4.5,W
K4,6/6/2017,6.14,6.04,92,NS,18,NS,4,W
K5,6/6/2017,6.43,6.33,44,NS,8,NS,3.5,W
K5A,6/6/2017,7.38,7.36,36,NS,16,NS,4,W
K6,6/6/2017,9.59,8.97,4,NS,2,NS,4,W
N6,6/6/2017,7.74,7.33,12,NS,18,NS,2.5,W
N7,6/6/2017,7.3,7.39,24,NS,8,NS,2,W
N8,6/6/2017,7.49,7.66,28,NS,8,NS,2.5,W
NC0,6/6/2017,6.73,6.74,400,480,40,60,3,W
NC1,6/6/2017,5.94,4.86,320,110,40,10,3,W
NC2,6/6/2017,5.76,5.78,100,70,10,20,4,W
NC3,6/6/2017,6.5,6.39,50,30,10,10,3.5,W
WC1,6/6/2017,7.55,NS,320,NS,120,NS,NS,W
WC2,6/6/2017,4.29,NS,210,NS,28,NS,NS,W
WC3,6/6/2017,7.01,NS,20,NS,8,NS,NS,W
BR5,6/5/2017,6.49,6.13,91,NS,12,NS,4,D
E10,6/5/2017,8.29,6.57,1,NS,1,NS,4,D
E11,6/5/2017,8.12,NS,8,NS,1,NS,3.5,D
E14,6/5/2017,6.74,6.7,9,NS,3,NS,3.5,D
E15,6/5/2017,7.3,6.81,72,NS,18,NS,3.5,D
E2,6/5/2017,7.1,6.84,28,NS,9,NS,3,D
E4,6/5/2017,6.93,7.12,17,NS,13,NS,3,D
E6,6/5/2017,7.32,6.93,19,NS,1,NS,4,D
E7,6/5/2017,7.37,7.8,4,NS,1,NS,3.5,D
E8,6/5/2017,8.08,7.06,4,NS,2,NS,4,D
FB1,6/5/2017,7.34,6.64,56,NS,23,NS,3.5,D
FLC1,6/5/2017,6.64,6.23,761,NS,20,NS,2.5,D
FLC2,6/5/2017,6.42,6.06,188,NS,16,NS,3,D
H3,6/5/2017,7.23,6.8,25,NS,6,NS,3,D
LN1,6/5/2017,8.92,NS,20,NS,8,NS,3,D
N1,6/5/2017,7.87,6.75,9,NS,2,NS,2.5,D
N3B,6/5/2017,7.92,6.9,16,NS,3,NS,1.5,D
N4,6/5/2017,7.72,7.01,15,NS,4,NS,2,D
N5,6/5/2017,7.25,7.4,30,NS,10,NS,1.5,D
NR1,6/5/2017,7.81,6.87,19,NS,7,NS,1.5,D
CIC3,6/1/2017,7.03,7.11,320,NS,11,NS,2.5,D
G2,6/1/2017,7.74,7.12,60,NS,1,NS,2,D
GB1,6/1/2017,7.06,7.16,44,NS,3,NS,2.5,D
K1,6/1/2017,7.35,7.19,28,NS,6,NS,1.5,D
K2,6/1/2017,6.5,6.75,36,NS,3,NS,3,D
K3,6/1/2017,6.55,6.27,108,NS,8,NS,3,D
K4,6/1/2017,6.02,5.68,28,NS,5,NS,3,D
K5,6/1/2017,8.04,6.91,6,NS,1,NS,3,D
K5A,6/1/2017,7.18,6.95,10,NS,1,NS,3,D
K6,6/1/2017,8.74,8.06,4,NS,1,NS,2.5,D
N6,6/1/2017,7.5,7.49,36,NS,1,NS,2,D
N7,6/1/2017,6.69,6.92,32,NS,3,NS,1.5,D
N8,6/1/2017,6.81,7.31,90,NS,9,NS,2,D
NC0,6/1/2017,6.85,7.26,160,164,36,56,4,D
NC1,6/1/2017,4.81,4.12,460,280,20,12,4,D
NC2,6/1/2017,3.82,4.72,84,124,16,24,4,D
NC3,6/1/2017,4.79,4.52,52,16,20,8,4,D
BB2,5/31/2017,4.63,4.44,40,NS,4,NS,3.5,W
BB4,5/31/2017,5,3.9,20,NS,2,NS,5,W
GHC,5/31/2017,NS,NS,NS,NS,NS,NS,NS,NS
HOB,5/31/2017,NS,NS,NS,NS,NS,NS,NS,NS
J1,5/31/2017,6.06,6.61,10,NS,2,NS,4,W
J10,5/31/2017,6.26,6.13,20,NS,2,NS,5,W
J11,5/31/2017,6.49,6.25,112,NS,10,NS,4,W
J12,5/31/2017,6.03,3.89,16,NS,2,NS,5,W
J2,5/31/2017,5.6,6.02,8,NS,2,NS,4.5,W
J3,5/31/2017,6.16,5.95,10,NS,2,NS,5,W
J5,5/31/2017,6.42,6.19,8,NS,2,NS,5.5,W
J7,5/31/2017,5.27,5.46,36,NS,2,NS,4.5,W
J8,5/31/2017,5.6,5.47,28,NS,2,NS,5,W
J9A,5/31/2017,6.01,5.94,20,NS,2,NS,5,W
JA1,5/31/2017,6,5.49,16,NS,2,NS,4.5,W
N16,5/31/2017,6.84,6.91,2,NS,2,NS,4.5,W
N9,5/31/2017,5.67,5.02,34,NS,4,NS,3,W
N9A,5/31/2017,6.45,6.72,4,NS,2,NS,4,W
PB2,5/31/2017,5.56,4.6,40,NS,2,NS,4,W
PB3,5/31/2017,6.4,5.95,8,NS,2,NS,5,W
SP2,5/31/2017,6.43,NS,16,NS,2,NS,5,W
TB1,5/31/2017,NS,NS,NS,NS,NS,NS,NS,NS
TB2,5/31/2017,NS,NS,NS,NS,NS,NS,NS,NS
BR5,5/30/2017,6.94,6.45,132,NS,12,NS,1.5,D
E10,5/30/2017,7.6,7.73,12,NS,1,NS,3,D
E11,5/30/2017,7.26,NS,230,NS,5,NS,3,D
E14,5/30/2017,5.35,4.89,33,NS,2,NS,3,D
E15,5/30/2017,6.1,5.77,2200,NS,16,NS,2,D
E2,5/30/2017,6.14,6.65,26,NS,7,NS,2.5,D
E4,5/30/2017,6.05,5.8,29,NS,4,NS,2,D
E6,5/30/2017,6.35,6.54,48,NS,2,NS,2.5,D
E7,5/30/2017,6.48,6.24,210,NS,10,NS,3,D
E8,5/30/2017,6.99,7.31,88,NS,4,NS,3,D
F1,5/30/2017,6.51,5.3,108,NS,4,NS,NS,D
F5,5/30/2017,6.32,6.29,116,NS,8,NS,NS,D
FB1,5/30/2017,6.2,5.81,1036,NS,13,NS,2,D
FLC1,5/30/2017,4.97,4.75,5200,NS,164,NS,3,D
FLC2,5/30/2017,5.6,5.42,4300,NS,74,NS,2.5,D
H3,5/30/2017,6.35,6.53,88,NS,23,NS,0.5,D
HC1,5/30/2017,8.3,NS,38,NS,2,NS,NS,D
HC2,5/30/2017,5.45,3.34,4,NS,2,NS,NS,D
HC3,5/30/2017,6.17,5.38,20,NS,2,NS,NS,D
J14,5/30/2017,7.78,7.56,10,NS,2,NS,NS,D
J15,5/30/2017,7.96,7.31,6,NS,2,NS,NS,D
J16,5/30/2017,7.32,7.29,2,NS,2,NS,NS,D
LN1,5/30/2017,8.52,NS,21,NS,1,NS,3,D
N1,5/30/2017,7.29,6.84,21,NS,5,NS,1,D
N3B,5/30/2017,7.06,6.45,28,NS,6,NS,1,D
N4,5/30/2017,6.58,6.26,151,NS,51,NS,1,D
N5,5/30/2017,6.74,6.48,54,NS,20,NS,1,D
NR1,5/30/2017,7.08,5.5,43,NS,15,NS,1,D
AC1,5/25/2017,7.51,NS,480,NS,220,NS,NS,W
AC2,5/25/2017,7.47,NS,3500,NS,2400,NS,NS,W
BR1,5/25/2017,8.02,NS,9182,NS,21000,NS,NS,W
BR3,5/25/2017,6.14,NS,510,NS,170,NS,NS,W
F1,5/25/2017,NS,NS,NS,NS,NS,NS,NS,W
F5,5/25/2017,NS,NS,NS,NS,NS,NS,NS,W
HC1,5/25/2017,6.21,NS,50,NS,10,NS,NS,W
HC2,5/25/2017,4.68,4.12,10,NS,10,NS,NS,W
HC3,5/25/2017,NS,NS,NS,NS,NS,NS,NS,W
J14,5/25/2017,NS,NS,NS,NS,NS,NS,NS,W
J15,5/25/2017,NS,NS,NS,NS,NS,NS,NS,W
J16,5/25/2017,NS,NS,NS,NS,NS,NS,NS,W
BB2,5/24/2017,1.36,NS,4800,NS,255,NS,1.5,W
BB4,5/24/2017,3.84,3.84,300,NS,2,NS,2,W
CIC2,5/24/2017,5.21,NS,22273,NS,3700,NS,NS,W
GC3,5/24/2017,10.08,NS,20,NS,10,NS,NS,W
GC4,5/24/2017,10.01,9.96,60,40,10,10,NS,W
GC5,5/24/2017,9.9,9.86,30,30,30,10,NS,W
GC6,5/24/2017,9.39,9.55,100,110,30,50,NS,W
GHC,5/24/2017,5.57,4.91,4,NS,8,NS,6,W
HOB,5/24/2017,4.78,4.99,8,NS,2,NS,6.5,W
J1,5/24/2017,7.07,7.16,8,NS,2,NS,4.5,W
J10,5/24/2017,6.62,6.48,36,NS,2,NS,4,W
J11,5/24/2017,7.71,7.18,60,NS,8,NS,4,W
J12,5/24/2017,5.66,5.06,28,NS,2,NS,5,W
J2,5/24/2017,6.88,6.5,16,NS,2,NS,4,W
J3,5/24/2017,6.29,6.23,60,NS,2,NS,4.5,W
J5,5/24/2017,5.61,5.63,22,NS,2,NS,4.5,W
J7,5/24/2017,5.72,5.39,64,NS,4,NS,4,W
J8,5/24/2017,5.72,5.68,64,NS,2,NS,5,W
J9A,5/24/2017,6.31,6.08,84,NS,2,NS,4,W
JA1,5/24/2017,5.66,5.24,64,NS,2,NS,4.5,W
N16,5/24/2017,NS,NS,NS,NS,NS,NS,NS,NS
N9,5/24/2017,8.14,7.99,10,NS,2,NS,5.5,W
N9A,5/24/2017,8.23,7.92,2,NS,2,NS,4,W
PB2,5/24/2017,5.63,5.79,44,NS,2,NS,5,W
PB3,5/24/2017,6.39,NS,40,NS,2,NS,4,W
SP1,5/24/2017,8.69,NS,350,NS,50,NS,NS,W
SP2,5/24/2017,5.68,NS,52,NS,2,NS,4.5,W
TB1,5/24/2017,3.89,3.96,130,NS,32,NS,6,W
TB2,5/24/2017,4.1,4.02,30,NS,14,NS,6,W
CIC3,5/23/2017,NS,NS,NS,NS,NS,NS,NS,NS
E12,5/23/2017,8.82,NS,170,NS,40,NS,NS,W
E13,5/23/2017,7.3,NS,278,NS,52,NS,NS,W
G2,5/23/2017,7.81,8.1,360,NS,64,NS,4,W
GB1,5/23/2017,8.38,8.71,1400,NS,102,NS,4,W
HR03,5/23/2017,6.6,NS,8273,NS,720,NS,NS,W
HR1,5/23/2017,6.86,NS,22000,NS,430,NS,NS,W
HR2,5/23/2017,5.36,NS,6727,NS,1000,NS,NS,W
K1,5/23/2017,7.71,7.9,132,NS,52,NS,2,W
K2,5/23/2017,7.43,7.37,120,NS,28,NS,3,W
K3,5/23/2017,7.19,7.22,216,NS,34,NS,3.5,W
K4,5/23/2017,6.67,6.77,370,NS,88,NS,3.5,W
K5,5/23/2017,7.28,6.46,48,NS,16,NS,4,W
K5A,5/23/2017,7.87,7.59,68,NS,22,NS,2.5,W
K6,5/23/2017,9.71,9.64,4,NS,2,NS,4,W
N6,5/23/2017,7.91,7.91,84,NS,16,NS,1.5,W
N7,5/23/2017,7.89,8.24,60,NS,14,NS,2,W
N8,5/23/2017,8.33,8.49,116,NS,18,NS,4,W
NC0,5/23/2017,6.55,6.46,2000,4200,1420,1180,3,W
NC1,5/23/2017,5.77,5.62,2300,6000,780,1200,3,W
NC2,5/23/2017,6.54,6.15,2900,2200,620,560,3,W
NC3,5/23/2017,6.69,7.07,811,570,240,350,3,W
WC1,5/23/2017,5.71,NS,3400,NS,227,NS,NS,W
WC2,5/23/2017,3.68,NS,36000,NS,1100,NS,NS,W
WC3,5/23/2017,7.51,NS,130,NS,32,NS,NS,W
BR5,5/22/2017,7.41,7.02,230,NS,30,NS,3,W
E10,5/22/2017,8.62,7.77,2,NS,2,NS,4,W
E11,5/22/2017,8.4,NS,8,NS,4,NS,3.5,W
E14,5/22/2017,7.49,7.39,14,NS,2,NS,2.5,W
E15,5/22/2017,7.58,NS,80,NS,80,NS,2.5,W
E2,5/22/2017,8.07,7.78,20,NS,12,NS,2.5,W
E4,5/22/2017,7.94,7.76,16,NS,4,NS,3,W
E6,5/22/2017,7.62,7.85,30,NS,12,NS,3.5,W
E7,5/22/2017,8.13,8.49,4,NS,2,NS,3,W
E8,5/22/2017,8.28,8.16,4,NS,2,NS,3,W
FB1,5/22/2017,7.32,8.24,78,NS,28,NS,3,W
FLC1,5/22/2017,4.79,NS,1126,NS,415,NS,2,W
FLC2,5/22/2017,7.04,6.81,1216,NS,190,NS,3.5,W
H3,5/22/2017,7.56,8.01,40,NS,36,NS,3,W
LN1,5/22/2017,8.72,NS,24,NS,6,NS,3,W
N1,5/22/2017,8.65,7.59,20,NS,2,NS,2,W
N3B,5/22/2017,8.67,8.01,12,NS,10,NS,2,W
N4,5/22/2017,8.45,7.7,32,NS,16,NS,2,W
N5,5/22/2017,8.89,8.2,84,NS,34,NS,2.5,W
NR1,5/22/2017,8.62,7.81,20,NS,8,NS,2,W
AC1,5/18/2017,8.96,NS,3100,NS,2000,NS,NS,D
AC2,5/18/2017,8.61,NS,4800,NS,1200,NS,NS,D
BR1,5/18/2017,7.94,NS,356,NS,136,NS,NS,D
BR3,5/18/2017,8.58,NS,176,NS,116,NS,NS,D
E12,5/18/2017,9.06,NS,4,NS,4,NS,NS,D
E13,5/18/2017,7.41,NS,27,NS,2,NS,NS,D
HR03,5/18/2017,4.94,NS,470,NS,8,NS,NS,D
HR1,5/18/2017,6.81,NS,64,NS,4,NS,NS,D
HR2,5/18/2017,3.64,NS,88,NS,36,NS,NS,D
WC1,5/18/2017,6.22,NS,90,NS,16,NS,NS,D
WC2,5/18/2017,6.09,NS,290,NS,159,NS,NS,D
WC3,5/18/2017,5.55,NS,82,NS,46,NS,NS,D
CIC2,5/17/2017,7.68,NS,2000,NS,16,NS,NS,D
GC3,5/17/2017,10.34,NS,64,NS,52,NS,NS,D
GC4,5/17/2017,10.2,10.19,52,44,28,36,NS,D
GC5,5/17/2017,10.1,10.02,48,64,52,120,NS,D
GC6,5/17/2017,9.58,7.92,80,76,20,30,NS,D
SP1,5/17/2017,11.51,NS,8,NS,2,NS,NS,D
F1,5/16/2017,11.67,9.46,96,NS,2,NS,NS,D
F5,5/16/2017,11.58,9.57,30,NS,2,NS,NS,D
HC1,5/16/2017,9.16,NS,54,NS,8,NS,NS,D
HC2,5/16/2017,8.06,NS,14,NS,2,NS,NS,D
HC3,5/16/2017,9.71,8.89,16,NS,2,NS,NS,D
J14,5/16/2017,8.44,NS,2,NS,2,NS,NS,D
J15,5/16/2017,9.98,NS,4,NS,2,NS,NS,D
J16,5/16/2017,10.12,9.61,4,NS,2,NS,NS,D
AC1,5/11/2017,7.4,NS,136,NS,4,NS,NS,D
AC2,5/11/2017,6.55,NS,2909,NS,216,NS,NS,D
BR1,5/11/2017,9.74,NS,648,NS,20,NS,NS,D
BR3,5/11/2017,7.89,NS,240,NS,36,NS,NS,D
E12,5/11/2017,7.92,NS,12,NS,4,NS,NS,D
E13,5/11/2017,7.56,NS,23,NS,1,NS,NS,D
HR03,5/11/2017,4.65,NS,4100,NS,8,NS,NS,D
HR1,5/11/2017,6.57,NS,124,NS,8,NS,NS,D
HR2,5/11/2017,3.5,NS,3300,NS,4,NS,NS,D
WC1,5/11/2017,6.9,NS,270,NS,12,NS,NS,D
WC2,5/11/2017,7.95,NS,18,NS,44,NS,NS,D
WC3,5/11/2017,7.69,NS,438,NS,1,NS,NS,D
CIC2,5/10/2017,5.7,NS,44000,NS,192,NS,NS,D
GC3,5/10/2017,10.76,10.66,92,40,60,28,NS,D
GC4,5/10/2017,10.73,10.57,48,92,28,40,NS,D
GC5,5/10/2017,10.55,10.44,64,132,68,52,NS,D
GC6,5/10/2017,10,10.05,176,160,12,56,NS,D
SP1,5/10/2017,7.91,NS,4300,NS,600,NS,NS,D
F1,5/9/2017,7.12,NS,330,NS,4,NS,NS,D
F5,5/9/2017,7.5,NS,460,NS,10,NS,NS,D
HC1,5/9/2017,4.86,NS,540,NS,76,NS,NS,D
HC2,5/9/2017,5.86,NS,26,NS,6,NS,NS,D
HC3,5/9/2017,6.66,NS,80,NS,2,NS,NS,D
J14,5/9/2017,8.3,NS,12,NS,2,NS,NS,D
J15,5/9/2017,8.56,NS,16,NS,2,NS,NS,D
J16,5/9/2017,8.15,NS,28,NS,2,NS,NS,D
AC1,5/4/2017,9.12,NS,NS,NS,NS,NS,NS,NS
AC2,5/4/2017,9.27,NS,2200,NS,212,NS,NS,D
BR1,5/4/2017,10.15,NS,728,NS,64,NS,NS,D
BR3,5/4/2017,7.45,NS,136,NS,12,NS,NS,D
E12,5/4/2017,7.73,NS,8,NS,4,NS,NS,D
E13,5/4/2017,9.66,NS,14,NS,1,NS,NS,D
HR03,5/4/2017,4.58,NS,152,NS,16,NS,NS,D
HR1,5/4/2017,5.5,NS,84,NS,8,NS,NS,D
HR2,5/4/2017,2.67,NS,310,NS,28,NS,NS,D
WC1,5/4/2017,9.3,NS,114,NS,7,NS,NS,D
WC2,5/4/2017,5.15,NS,106,NS,42,NS,NS,D
WC3,5/4/2017,9.64,NS,136,NS,6,NS,NS,D
CIC2,5/3/2017,5.09,NS,24000,NS,600,NS,NS,D
GC3,5/3/2017,10.14,NS,44,NS,32,NS,NS,D
GC4,5/3/2017,10.14,10.13,272,148,92,84,NS,D
GC5,5/3/2017,9.88,NS,132,NS,48,NS,NS,D
GC6,5/3/2017,9.71,9.38,192,232,76,104,NS,D
SP1,5/3/2017,9.84,NS,8,NS,4,NS,NS,D
F1,5/2/2017,8.15,NS,156,NS,8,NS,NS,D
F5,5/2/2017,8.26,NS,64,NS,2,NS,NS,D
HC1,5/2/2017,8.11,NS,236,NS,46,NS,NS,D
HC2,5/2/2017,4.85,NS,90,NS,16,NS,NS,D
HC3,5/2/2017,6.54,NS,30,NS,4,NS,NS,D
J14,5/2/2017,7.89,NS,16,NS,4,NS,NS,D
J15,5/2/2017,8.36,NS,10,NS,2,NS,NS,D
J16,5/2/2017,8.22,8.21,40,NS,2,NS,NS,D
F1,4/12/2017,8,7.42,360,NS,10,NS,NS,D
F5,4/12/2017,7.97,8.2,550,NS,22,NS,NS,D
HC1,4/12/2017,5.51,NS,64,NS,36,NS,NS,D
HC2,4/12/2017,7.4,NS,44,NS,20,NS,NS,D
HC3,4/12/2017,7.93,7.93,52,NS,2,NS,NS,D
J14,4/12/2017,8.96,9.03,4,NS,2,NS,NS,D
J15,4/12/2017,8.84,8.62,2,NS,2,NS,NS,D
J16,4/12/2017,9.51,9.49,6,NS,2,NS,NS,D
CIC2,4/11/2017,9.02,NS,2800,NS,280,NS,NS,D
GC3,4/11/2017,12.19,12.47,60,72,16,30,NS,D
GC4,4/11/2017,12.12,12.34,124,96,8,40,NS,D
GC5,4/11/2017,12.2,12.26,20,44,24,32,NS,D
GC6,4/11/2017,11.44,11.94,96,128,48,56,NS,D
SP1,4/11/2017,7.01,NS,8,NS,12,NS,NS,D
AC1,4/6/2017,11.82,NS,2300,NS,1400,NS,NS,W
AC2,4/6/2017,12.06,NS,380,NS,430,NS,NS,W
BR1,4/6/2017,10.09,NS,856,NS,400,NS,NS,W
BR3,4/6/2017,10.6,NS,320,NS,370,NS,NS,W
E12,4/6/2017,12.41,NS,40,NS,10,NS,NS,W
E13,4/6/2017,10.74,NS,40,NS,36,NS,NS,W
HR03,4/6/2017,NS,NS,NS,NS,NS,NS,NS,NS
HR1,4/6/2017,NS,NS,NS,NS,NS,NS,NS,NS
HR2,4/6/2017,NS,NS,NS,NS,NS,NS,NS,NS
WC1,4/6/2017,11.57,NS,230,NS,152,NS,NS,W
WC2,4/6/2017,11.94,NS,120,NS,208,NS,NS,W
WC3,4/6/2017,10.84,NS,40,NS,12,NS,NS,W
BB2,4/5/2017,5.47,4.49,40,NS,168,NS,3,W
BB4,4/5/2017,7.42,7.44,50,NS,20,NS,5,W
GHC,4/5/2017,8.1,7.17,20,NS,4,NS,6,W
HOB,4/5/2017,7.69,7.99,136,NS,30,NS,4,W
J1,4/5/2017,8.87,8.88,8,NS,2,NS,5.5,W
J10,4/5/2017,8.4,8.8,12,NS,4,NS,5,W
J11,4/5/2017,10.36,10.98,4,NS,2,NS,4.5,W
J12,4/5/2017,8.04,7.1,12,NS,4,NS,5,W
J2,4/5/2017,9.66,8.84,8,NS,2,NS,5,W
J3,4/5/2017,8.79,8.7,4,NS,4,NS,6,W
J5,4/5/2017,8.05,8,24,NS,6,NS,6,W
J7,4/5/2017,7.75,7.97,20,NS,4,NS,5.5,W
J8,4/5/2017,8.17,7.73,40,NS,4,NS,5,W
J9A,4/5/2017,9.18,8.99,44,NS,4,NS,6,W
JA1,4/5/2017,7.49,7.57,24,NS,2,NS,5,W
N16,4/5/2017,NS,NS,NS,NS,NS,NS,NS,NS
N9,4/5/2017,9.58,9.76,28,NS,10,NS,4,W
N9A,4/5/2017,11.03,11.06,6,NS,6,NS,4,W
PB2,4/5/2017,8,7.17,152,NS,8,NS,4.5,W
PB3,4/5/2017,8.35,8.49,8,NS,6,NS,5.5,W
SP2,4/5/2017,8.89,NS,16,NS,2,NS,5.5,W
TB1,4/5/2017,6.77,6.92,200,NS,107,NS,4.5,W
TB2,4/5/2017,6.61,7.24,56,NS,20,NS,4,W
CIC3,4/4/2017,10.18,9.54,1306,NS,660,NS,3.5,W
G2,4/4/2017,11.13,10.74,270,NS,284,NS,2.5,W
GB1,4/4/2017,10.45,10.85,38,NS,720,NS,3,W
K1,4/4/2017,12.01,10.9,252,NS,160,NS,2,W
K2,4/4/2017,11.21,11.7,188,NS,139,NS,4,W
K3,4/4/2017,10.84,10.69,320,NS,324,NS,3,W
K4,4/4/2017,9.92,9.69,257,NS,272,NS,3,W
K5,4/4/2017,10.53,9.43,40,NS,48,NS,3,W
K5A,4/4/2017,10.7,9.4,20,NS,34,NS,3,W
K6,4/4/2017,NS,NS,NS,NS,NS,NS,NS,NS
N6,4/4/2017,11.43,10.69,242,NS,196,NS,1.5,W
N7,4/4/2017,11.35,10.22,490,NS,460,NS,2,W
N8,4/4/2017,12.02,10.41,243,NS,247,NS,2,W
NC0,4/4/2017,5.57,4.22,50000,7364,17900,6000,1.5,W
NC1,4/4/2017,6.55,5.5,41000,6545,12800,3100,1,W
NC2,4/4/2017,7.78,6.81,25000,5700,13400,5300,1.5,W
NC3,4/4/2017,7.17,6.96,1189,1135,860,1000,1.5,W
BR5,4/3/2017,12.36,12.68,14,NS,19,NS,2.5,D
E10,4/3/2017,12.23,11.5,3,NS,1,NS,3,D
E11,4/3/2017,13.13,NS,5,NS,1,NS,3,D
E14,4/3/2017,11.04,10.72,11,NS,12,NS,2.5,D
E15,4/3/2017,11.86,12.45,24,NS,32,NS,3.5,D
E2,4/3/2017,10.5,10.71,47,NS,56,NS,3,D
E4,4/3/2017,10.63,11.17,15,NS,15,NS,2,D
E6,4/3/2017,10.99,11.34,7,NS,12,NS,3,D
E7,4/3/2017,10.95,11.47,11,NS,6,NS,3,D
E8,4/3/2017,11.79,11.34,7,NS,7,NS,3.5,D
FB1,4/3/2017,11.96,11.97,20,NS,14,NS,2.5,D
FLC1,4/3/2017,11.3,11.81,260,NS,192,NS,3,D
FLC2,4/3/2017,11.67,11.76,112,NS,68,NS,2,D
H3,4/3/2017,11.2,11.17,98,NS,96,NS,1,D
LN1,4/3/2017,14.24,NS,2,NS,1,NS,3,D
N1,4/3/2017,12.86,12.92,124,NS,52,NS,1,D
N3B,4/3/2017,12.27,11.19,149,NS,72,NS,0.5,D
N4,4/3/2017,12.32,10.74,92,NS,50,NS,1,D
N5,4/3/2017,11.71,10.42,88,NS,78,NS,1,D
NR1,4/3/2017,12.57,11.74,117,NS,64,NS,0.5,D
BB2,3/29/2017,10.8,10.45,775,NS,176,NS,2,W
BB4,3/29/2017,11.6,11.53,130,NS,26,NS,3,W
GHC,3/29/2017,11.4,11.18,12,NS,2,NS,3.5,W
HOB,3/29/2017,12.66,11.85,48,NS,4,NS,3,W
J1,3/29/2017,12.14,11.44,12,NS,2,NS,4,W
J10,3/29/2017,10.9,10.96,4,NS,2,NS,4,W
J11,3/29/2017,10.94,10.54,36,NS,20,NS,5,W
J12,3/29/2017,14,11.62,22,NS,2,NS,3,W
J2,3/29/2017,11.5,11.42,4,NS,2,NS,4,W
J3,3/29/2017,10.75,11.08,16,NS,2,NS,4,W
J5,3/29/2017,11.99,11.89,34,NS,4,NS,3,W
J7,3/29/2017,12.33,11.6,40,NS,14,NS,3,W
J8,3/29/2017,11.92,11.56,8,NS,6,NS,3.5,W
J9A,3/29/2017,11.11,11.45,8,NS,4,NS,3.5,W
JA1,3/29/2017,12,11.7,20,NS,8,NS,3,W
N16,3/29/2017,11.55,12.15,2,NS,2,NS,6.5,W
N9,3/29/2017,10.55,10.7,2,NS,2,NS,6,W
N9A,3/29/2017,10.96,10.94,2,NS,2,NS,5,W
PB2,3/29/2017,11.99,12.1,30,NS,2,NS,3.5,W
PB3,3/29/2017,11.49,11.32,4,NS,2,NS,4,W
SP2,3/29/2017,11.46,10.59,32,NS,2,NS,3,W
TB1,3/29/2017,10.63,10.62,580,NS,92,NS,1.5,W
TB2,3/29/2017,11.56,11.6,180,NS,20,NS,2,W
CIC2,3/27/2017,9.56,NS,35000,NS,9400,NS,NS,W
GC3,3/27/2017,12.63,12.56,10,140,10,10,NS,W
GC4,3/27/2017,12.61,12.55,10,10,10,10,NS,W
GC5,3/27/2017,12.57,12.47,10,20,10,10,NS,W
GC6,3/27/2017,12.29,12.32,30,20,30,20,NS,W
SP1,3/27/2017,13.88,NS,270,NS,290,NS,NS,W
AC1,3/23/2017,10.73,NS,204,NS,48,NS,NS,D
AC2,3/23/2017,9.06,NS,3400,NS,400,NS,NS,D
BR1,3/23/2017,12.72,NS,1364,NS,116,NS,NS,D
BR3,3/23/2017,11.11,NS,12,NS,4,NS,NS,D
E12,3/23/2017,11.18,NS,4,NS,4,NS,NS,D
E13,3/23/2017,11.64,NS,1,NS,1,NS,NS,D
HR03,3/23/2017,10.48,NS,84,NS,20,NS,NS,D
HR1,3/23/2017,10.79,NS,72,NS,16,NS,NS,D
HR2,3/23/2017,9.86,NS,350,NS,56,NS,NS,D
WC1,3/23/2017,10.91,NS,34,NS,12,NS,NS,D
WC2,3/23/2017,9.76,NS,46,NS,24,NS,NS,D
WC3,3/23/2017,11.54,NS,2,NS,2,NS,NS,D
F1,3/21/2017,16.28,13.58,50,NS,4,NS,NS,W
F5,3/21/2017,16.38,14.37,10,NS,4,NS,NS,W
HC1,3/21/2017,9.73,NS,10,NS,10,NS,NS,W
HC2,3/21/2017,15.75,NS,10,NS,10,NS,NS,W
HC3,3/21/2017,16.65,16.44,10,NS,10,NS,NS,W
J14,3/21/2017,15.42,15.28,4,NS,4,NS,NS,W
J15,3/21/2017,15.97,15.74,4,NS,4,NS,NS,W
J16,3/21/2017,15.32,14.38,4,NS,4,NS,NS,W
CIC3,3/8/2017,11.3,10.65,60,NS,12,NS,3,W
G2,3/8/2017,11.09,10.56,4,NS,2,NS,2.5,W
GB1,3/8/2017,10.37,10.6,10,NS,6,NS,3.5,W
K1,3/8/2017,10.56,10.08,40,NS,8,NS,3.5,W
K2,3/8/2017,10.55,10.42,12,NS,4,NS,3.5,W
K3,3/8/2017,10.73,10.36,16,NS,10,NS,4.5,W
K4,3/8/2017,10.72,10.48,12,NS,4,NS,3.5,W
K5,3/8/2017,10.64,10.34,40,NS,12,NS,5,W
K5A,3/8/2017,10.77,9.57,28,NS,4,NS,4,W
K6,3/8/2017,NS,NS,NS,NS,NS,NS,NS,NS
N6,3/8/2017,10.81,9.96,40,NS,18,NS,1,W
N7,3/8/2017,10.79,10.2,8,NS,10,NS,2,W
N8,3/8/2017,10.31,9.86,4,NS,2,NS,3,W
NC0,3/8/2017,7.98,8.15,200,210,90,80,3,W
NC1,3/8/2017,10.5,10.2,1540,883,620,510,3.5,W
NC2,3/8/2017,10.58,9.97,720,410,535,180,3,W
NC3,3/8/2017,10.34,10.19,685,390,280,120,3,W
BR5,3/7/2017,11.22,11.45,18,NS,15,NS,4,D
E10,3/7/2017,11.86,11.1,3,NS,4,NS,5,D
E11,3/7/2017,12.77,11.23,26,NS,5,NS,3,D
E14,3/7/2017,12.23,11.21,4,NS,1,NS,4,D
E15,3/7/2017,11.4,10.64,36,NS,22,NS,1.5,D
E2,3/7/2017,11.2,11.49,9,NS,9,NS,NS,D
E4,3/7/2017,11.56,10.72,14,NS,14,NS,2.5,D
E6,3/7/2017,12.66,12.68,108,NS,66,NS,3,D
E7,3/7/2017,11.87,11.47,3,NS,2,NS,4,D
E8,3/7/2017,12.12,11.04,2,NS,1,NS,5,D
FB1,3/7/2017,12.2,12.12,24,NS,6,NS,2.5,D
FLC1,3/7/2017,11.4,11.28,208,NS,118,NS,2,D
FLC2,3/7/2017,11.45,11.6,144,NS,58,NS,2,D
H3,3/7/2017,11.82,11.52,44,NS,40,NS,2,D
LN1,3/7/2017,NS,NS,NS,NS,NS,NS,NS,NS
N1,3/7/2017,12.62,11.46,117,NS,60,NS,1.5,D
N3B,3/7/2017,13.95,11.77,68,NS,33,NS,2,D
N4,3/7/2017,12.05,10.73,49,NS,23,NS,1.5,D
N5,3/7/2017,11.66,10.53,15,NS,11,NS,NS,D
NR1,3/7/2017,12.05,11.46,94,NS,64,NS,1.5,D
AC1,2/16/2017,10.7,NS,232,NS,112,NS,NS,D
AC2,2/16/2017,11.52,NS,220,NS,80,NS,NS,D
BR1,2/16/2017,12.64,NS,759,NS,172,NS,NS,D
BR3,2/16/2017,11.21,NS,112,NS,68,NS,NS,D
E12,2/16/2017,13.82,NS,8,NS,8,NS,NS,D
E13,2/16/2017,12.7,NS,21,NS,6,NS,NS,D
HR03,2/16/2017,13.22,NS,203,NS,88,NS,NS,D
HR1,2/16/2017,13.79,NS,270,NS,235,NS,NS,D
HR2,2/16/2017,12.35,NS,68,NS,12,NS,NS,D
WC1,2/16/2017,12.91,NS,62,NS,42,NS,NS,D
WC2,2/16/2017,12.26,NS,12,NS,40,NS,NS,D
WC3,2/16/2017,13.88,NS,54,NS,6,NS,NS,D
CIC3,2/15/2017,12.6,10.91,20,NS,23,NS,4,D
G2,2/15/2017,11.75,11.26,16,NS,5,NS,3,D
GB1,2/15/2017,13,11.66,5,NS,4,NS,3.5,D
K1,2/15/2017,10.65,10.61,30,NS,26,NS,2,D
K2,2/15/2017,11.19,10.96,16,NS,12,NS,3,D
K3,2/15/2017,10.94,10.5,32,NS,17,NS,3,D
K4,2/15/2017,11.43,11.5,40,NS,30,NS,3,D
K5,2/15/2017,12.32,11.75,18,NS,35,NS,3,D
K5A,2/15/2017,12.89,12.17,34,NS,61,NS,2.5,D
K6,2/15/2017,12.69,11.36,4,NS,1,NS,4,D
N6,2/15/2017,11.05,10.62,4,NS,2,NS,2.5,D
N7,2/15/2017,11.84,11.32,12,NS,7,NS,3,D
N8,2/15/2017,13.14,11.88,4,NS,1,NS,3.5,D
NC0,2/15/2017,7.76,7.9,520,260,410,240,2.5,D
NC1,2/15/2017,9.5,9.9,490,480,420,460,3.5,D
NC2,2/15/2017,10.91,10.61,570,450,320,220,4,D
NC3,2/15/2017,12.19,11.75,195,172,177,64,4,D
F1,2/14/2017,11.79,NS,223,NS,32,NS,NS,D
F5,2/14/2017,12.08,NS,188,NS,8,NS,NS,D
HC1,2/14/2017,9.7,10.27,50,NS,58,NS,NS,D
HC2,2/14/2017,10.44,10.92,20,NS,2,NS,NS,D
HC3,2/14/2017,11.1,11.34,2,NS,2,NS,NS,D
J14,2/14/2017,11.81,11.5,28,NS,8,NS,NS,D
J15,2/14/2017,12.07,11.8,20,NS,2,NS,NS,D
J16,2/14/2017,11.21,11.04,18,NS,2,NS,NS,D
CIC2,2/13/2017,9.64,NS,2100,NS,2600,NS,NS,W
GC3,2/13/2017,12.83,12.76,120,120,20,60,NS,W
GC4,2/13/2017,12.82,12.75,110,170,20,60,NS,W
GC5,2/13/2017,12.84,12.73,150,120,30,50,NS,W
GC6,2/13/2017,12.13,11.99,70,200,10,70,NS,W
SP1,2/13/2017,12.8,NS,40,NS,10,NS,NS,W
BB2,2/8/2017,12.46,12.69,200,NS,183,NS,2.5,D
BB4,2/8/2017,13.66,14.28,60,NS,16,NS,3,D
GHC,2/8/2017,13.5,12.4,8,NS,1,NS,3,D
HOB,2/8/2017,12.82,12.91,4,NS,3,NS,3.5,D
J1,2/8/2017,13.51,14.01,27,NS,3,NS,3,D
J10,2/8/2017,12.48,14.91,12,NS,2,NS,3,D
J11,2/8/2017,12.52,12.34,8,NS,2,NS,4.5,D
J12,2/8/2017,15.65,12.06,8,NS,1,NS,3,D
J2,2/8/2017,14.45,13.12,2,NS,2,NS,3,D
J3,2/8/2017,13.7,13.5,7,NS,5,NS,3,D
J5,2/8/2017,13.38,13.11,4,NS,2,NS,3,D
J7,2/8/2017,13.45,12.78,4,NS,10,NS,2.5,D
J8,2/8/2017,13.76,13.4,10,NS,4,NS,3,D
J9A,2/8/2017,13.45,14.19,15,NS,4,NS,3,D
JA1,2/8/2017,11.72,11.53,4,NS,1,NS,3,D
N16,2/8/2017,NS,NS,NS,NS,NS,NS,NS,NS
N9,2/8/2017,11.57,10.48,25,NS,4,NS,3,D
N9A,2/8/2017,10.51,10.69,1,NS,1,NS,4.5,D
PB2,2/8/2017,14.68,14.36,2,NS,3,NS,3,D
PB3,2/8/2017,14.45,15.19,4,NS,4,NS,3,D
SP2,2/8/2017,13.53,14.11,7,NS,9,NS,2.5,D
TB1,2/8/2017,10.11,10.71,470,NS,124,NS,2,D
TB2,2/8/2017,12.31,12.28,120,NS,51,NS,2,D
BR5,2/6/2017,11.43,12.09,28,NS,8,NS,3,D
E10,2/6/2017,12.21,11.64,27,NS,10,NS,3,D
E11,2/6/2017,12.92,13.28,5,NS,12,NS,2,D
E14,2/6/2017,11.13,11.45,9,NS,6,NS,2.5,D
E15,2/6/2017,12.3,12.5,48,NS,1,NS,2,D
E2,2/6/2017,10.6,10.71,22,NS,16,NS,2,D
E4,2/6/2017,10.94,10.8,23,NS,12,NS,2,D
E6,2/6/2017,12.22,11.6,14,NS,1,NS,2,D
E7,2/6/2017,12.32,11.67,14,NS,2,NS,2.5,D
E8,2/6/2017,12.8,11.69,2,NS,1,NS,2.5,D
FB1,2/6/2017,12.32,11.78,28,NS,6,NS,2,D
FLC1,2/6/2017,10.57,11.36,380,NS,64,NS,1.5,D
FLC2,2/6/2017,10.66,11.14,223,NS,166,NS,1,D
H3,2/6/2017,11.2,11.5,90,NS,32,NS,2,D
LN1,2/6/2017,NS,NS,NS,NS,NS,NS,NS,NS
N1,2/6/2017,12.67,11.45,48,NS,25,NS,2,D
N3B,2/6/2017,11.8,11.1,21,NS,8,NS,2.5,D
N4,2/6/2017,11.9,10.66,18,NS,2,NS,2,D
N5,2/6/2017,10.76,10.37,9,NS,5,NS,NS,D
NR1,2/6/2017,12.35,10.87,11,NS,4,NS,2,D
CIC3,1/19/2017,10.35,10.38,30,NS,46,NS,4.5,W
G2,1/19/2017,10.75,10.44,56,NS,36,NS,3.5,W
GB1,1/19/2017,10.2,10.29,24,NS,22,NS,4,W
K1,1/19/2017,10.47,9.73,36,NS,14,NS,3.5,W
K2,1/19/2017,9.81,10.19,20,NS,30,NS,4,W
K3,1/19/2017,9.43,9.6,68,NS,102,NS,4,W
K4,1/19/2017,10.72,10.9,12,NS,22,NS,4,W
K5,1/19/2017,13.78,14.21,12,NS,18,NS,2.5,W
K5A,1/19/2017,14.73,14.51,8,NS,12,NS,2.5,W
K6,1/19/2017,11.01,10.17,24,NS,6,NS,4.5,W
N6,1/19/2017,10.3,10.04,12,NS,18,NS,2,W
N7,1/19/2017,10.75,9.72,50,NS,28,NS,2.5,W
N8,1/19/2017,10.85,9.75,12,NS,32,NS,3,W
NC0,1/19/2017,5.59,5.75,3900,4100,5800,2000,2,W
NC1,1/19/2017,8.28,8.48,937,730,1137,1080,1,W
NC2,1/19/2017,8.93,9.15,1613,928,2600,1180,2,W
NC3,1/19/2017,9.55,9.75,320,300,470,340,3.5,W
BR5,1/18/2017,12.19,12.13,110,NS,10,NS,3,W
E10,1/18/2017,11.96,11.46,4,NS,2,NS,3.5,W
E11,1/18/2017,12.07,NS,6,NS,2,NS,3,W
E14,1/18/2017,11.28,11.21,24,NS,2,NS,3,W
E15,1/18/2017,10.54,10.33,2200,NS,140,NS,2.5,W
E2,1/18/2017,10.67,10.6,97,NS,26,NS,2.5,W
E4,1/18/2017,10.98,10.82,16,NS,2,NS,2.5,W
E6,1/18/2017,11.96,11.36,56,NS,20,NS,3,W
E7,1/18/2017,11.42,11.42,18,NS,10,NS,3,W
E8,1/18/2017,11.4,11.78,12,NS,8,NS,3.5,W
FB1,1/18/2017,11.06,11.01,430,NS,54,NS,3,W
FLC1,1/18/2017,9.79,9.85,3700,NS,370,NS,3,W
FLC2,1/18/2017,9.86,10.04,1153,NS,100,NS,3,W
H3,1/18/2017,11.43,11.14,68,NS,20,NS,2,W
LN1,1/18/2017,11.83,NS,88,NS,6,NS,3,W
N1,1/18/2017,13,10.74,100,NS,12,NS,1,W
N3B,1/18/2017,11.85,10.88,76,NS,16,NS,1,W
N4,1/18/2017,12.15,10.5,132,NS,10,NS,1.5,W
N5,1/18/2017,11.87,10,104,NS,40,NS,1.5,W
NR1,1/18/2017,11.57,10.36,72,NS,14,NS,1.5,W
F1,1/17/2017,12.6,NS,214,NS,97,NS,NS,D
F5,1/17/2017,13.01,NS,62,NS,26,NS,NS,D
HC1,1/17/2017,9.95,NS,96,NS,89,NS,NS,D
HC2,1/17/2017,11.2,NS,20,NS,2,NS,NS,D
HC3,1/17/2017,12.52,NS,40,NS,14,NS,NS,D
J14,1/17/2017,14.65,NS,6,NS,18,NS,NS,D
J15,1/17/2017,13.03,13.14,8,NS,4,NS,NS,D
J16,1/17/2017,12.76,12.5,6,NS,6,NS,NS,D
BB2,1/11/2017,6.62,NS,1540,NS,59000,NS,0.5,W
BB4,1/11/2017,9.63,9.08,540,NS,560,NS,1,W
GHC,1/11/2017,10.55,11.06,4,NS,2,NS,4.5,W
HOB,1/11/2017,9.64,9.79,28,NS,30,NS,2.5,W
J1,1/11/2017,11.21,11.26,16,NS,12,NS,5,W
J10,1/11/2017,10.91,10.85,8,NS,4,NS,4,W
J11,1/11/2017,10.21,10.03,240,NS,184,NS,2.5,W
J12,1/11/2017,10.16,9.96,6,NS,60,NS,3.5,W
J2,1/11/2017,11.44,11.74,28,NS,6,NS,4.5,W
J3,1/11/2017,10.93,10.96,12,NS,8,NS,4,W
J5,1/11/2017,10.8,11.04,10,NS,4,NS,4,W
J7,1/11/2017,10.15,10.05,20,NS,26,NS,1.5,W
J8,1/11/2017,10.46,10.12,223,NS,132,NS,3,W
J9A,1/11/2017,10.91,10.96,48,NS,20,NS,3.5,W
JA1,1/11/2017,9.82,9.65,12,NS,2,NS,3,W
N16,1/11/2017,NS,NS,NS,NS,NS,NS,NS,NS
N9,1/11/2017,10,9.83,8,NS,2,NS,3.5,W
N9A,1/11/2017,10.07,9.6,6,NS,2,NS,5,W
PB2,1/11/2017,NS,NS,NS,NS,NS,NS,NS,NS
PB3,1/11/2017,NS,NS,NS,NS,NS,NS,NS,NS
SP2,1/11/2017,10.58,NS,36,NS,40,NS,3.5,W
TB1,1/11/2017,7.91,8.2,725,NS,840,NS,1,W
TB2,1/11/2017,9.11,9.33,200,NS,188,NS,2,W
AC1,1/5/2017,10.88,NS,730,NS,20,NS,NS,W
AC2,1/5/2017,11.42,NS,570,NS,40,NS,NS,W
BR1,1/5/2017,11.95,NS,8182,NS,480,NS,NS,W
BR3,1/5/2017,9.08,NS,3200,NS,20,NS,NS,W
E12,1/5/2017,NS,NS,1892,NS,10,NS,NS,W
E13,1/5/2017,NS,NS,144,NS,10,NS,NS,W
HR03,1/5/2017,NS,NS,8000,NS,10,NS,NS,W
HR1,1/5/2017,NS,NS,3100,NS,10,NS,NS,W
HR2,1/5/2017,NS,NS,3100,NS,30,NS,NS,W
WC1,1/5/2017,NS,NS,NS,NS,NS,NS,NS,NS
WC2,1/5/2017,NS,NS,NS,NS,NS,NS,NS,NS
WC3,1/5/2017,NS,NS,NS,NS,NS,NS,NS,NS
CIC2,1/4/2017,8.58,NS,5700,NS,3000,NS,NS,W
GC3,1/4/2017,11.59,11.58,140,150,70,90,NS,W
GC4,1/4/2017,11.45,11.44,90,90,20,60,NS,W
GC5,1/4/2017,11.41,11.4,110,60,50,20,NS,W
GC6,1/4/2017,11,10.98,170,180,50,50,NS,W
SP1,1/4/2017,8.44,NS,50,NS,10,NS,NS,W
